"","IncompleteSurveryData","RFPrediction","C5.0Prediction"
"1",2,2,2
"2",1,1,1
"3",2,2,2
"4",2,2,2
"5",2,2,2
"6",2,2,2
"7",2,2,2
"8",2,2,2
"9",2,2,2
"10",1,1,1
"11",1,1,1
"12",1,1,1
"13",2,2,2
"14",1,2,2
"15",2,2,2
"16",2,2,2
"17",1,1,1
"18",2,2,2
"19",2,2,2
"20",1,1,1
"21",1,1,1
"22",2,2,2
"23",1,2,2
"24",1,2,2
"25",2,2,2
"26",2,2,2
"27",2,1,1
"28",2,2,2
"29",2,2,2
"30",2,2,2
"31",2,2,2
"32",1,1,1
"33",2,2,2
"34",2,2,2
"35",2,2,2
"36",2,2,2
"37",1,2,2
"38",2,2,2
"39",2,2,2
"40",2,2,2
"41",2,2,2
"42",1,1,1
"43",2,2,2
"44",2,2,2
"45",2,2,2
"46",2,2,2
"47",2,2,2
"48",1,1,1
"49",1,1,1
"50",1,1,1
"51",1,1,1
"52",2,2,2
"53",1,2,2
"54",2,2,2
"55",2,2,2
"56",2,2,2
"57",1,1,1
"58",2,2,2
"59",1,1,1
"60",1,1,2
"61",2,2,2
"62",2,2,2
"63",2,2,2
"64",2,2,2
"65",2,2,2
"66",1,1,1
"67",2,2,2
"68",1,2,2
"69",1,1,1
"70",1,1,1
"71",2,2,2
"72",2,1,1
"73",2,2,2
"74",1,1,1
"75",1,1,1
"76",2,2,2
"77",2,2,2
"78",2,2,2
"79",2,1,1
"80",1,1,1
"81",1,1,1
"82",2,2,2
"83",1,1,1
"84",2,2,2
"85",2,1,2
"86",1,2,2
"87",2,2,2
"88",1,2,2
"89",2,2,1
"90",1,1,1
"91",1,1,1
"92",1,1,1
"93",1,1,1
"94",1,1,1
"95",1,1,1
"96",2,2,2
"97",2,2,1
"98",1,1,1
"99",2,2,2
"100",2,2,2
"101",2,2,2
"102",2,2,2
"103",1,1,1
"104",1,2,2
"105",1,2,2
"106",1,1,1
"107",1,2,2
"108",1,2,2
"109",1,2,2
"110",1,2,2
"111",1,2,2
"112",1,2,2
"113",1,1,1
"114",1,1,1
"115",1,1,1
"116",1,2,2
"117",1,1,1
"118",1,1,1
"119",1,2,2
"120",1,1,1
"121",1,2,2
"122",1,2,2
"123",1,2,2
"124",1,1,1
"125",1,1,1
"126",1,2,2
"127",1,2,2
"128",1,1,1
"129",1,2,2
"130",1,1,1
"131",1,2,2
"132",1,2,2
"133",1,2,2
"134",1,2,2
"135",1,1,1
"136",1,2,2
"137",1,1,1
"138",1,1,1
"139",1,1,1
"140",1,1,1
"141",1,2,2
"142",1,1,1
"143",1,1,1
"144",1,1,1
"145",1,2,2
"146",1,1,1
"147",1,1,1
"148",1,1,1
"149",1,2,2
"150",1,2,2
"151",1,2,2
"152",1,2,2
"153",1,2,2
"154",1,2,2
"155",1,1,1
"156",1,1,1
"157",1,1,1
"158",1,1,1
"159",1,2,2
"160",1,2,2
"161",1,1,1
"162",1,2,2
"163",1,2,2
"164",1,1,1
"165",1,2,2
"166",1,1,2
"167",1,1,1
"168",1,2,2
"169",1,2,2
"170",1,2,2
"171",1,2,1
"172",1,1,1
"173",1,1,2
"174",1,2,2
"175",1,2,2
"176",1,2,2
"177",1,2,2
"178",1,2,2
"179",1,2,2
"180",1,2,2
"181",1,2,2
"182",1,2,2
"183",1,1,1
"184",1,2,2
"185",1,1,1
"186",1,1,1
"187",1,2,2
"188",1,2,2
"189",1,2,2
"190",1,1,1
"191",1,1,1
"192",1,2,2
"193",1,2,2
"194",1,2,2
"195",1,1,1
"196",1,2,2
"197",1,2,2
"198",1,2,2
"199",1,2,2
"200",1,2,2
"201",1,2,2
"202",1,2,2
"203",1,2,2
"204",1,2,2
"205",1,2,2
"206",1,2,2
"207",1,2,2
"208",1,2,2
"209",1,2,2
"210",1,2,2
"211",1,2,2
"212",1,2,2
"213",1,1,1
"214",1,2,2
"215",1,2,2
"216",1,1,1
"217",1,1,1
"218",1,1,1
"219",1,2,2
"220",1,1,1
"221",1,2,2
"222",1,2,2
"223",1,2,2
"224",1,1,1
"225",1,1,1
"226",1,1,1
"227",1,2,2
"228",1,2,2
"229",1,2,1
"230",1,1,1
"231",1,2,2
"232",1,1,1
"233",1,2,2
"234",1,1,1
"235",1,1,1
"236",1,2,2
"237",1,1,1
"238",1,2,2
"239",1,1,1
"240",1,2,2
"241",1,1,1
"242",1,1,1
"243",1,2,2
"244",1,2,2
"245",1,1,1
"246",1,2,2
"247",1,2,2
"248",1,2,2
"249",1,2,2
"250",1,1,1
"251",1,1,1
"252",1,2,2
"253",1,2,2
"254",1,1,1
"255",1,2,2
"256",1,1,1
"257",1,2,2
"258",1,2,2
"259",1,2,2
"260",1,2,2
"261",1,2,2
"262",1,2,2
"263",1,2,2
"264",1,2,2
"265",1,2,2
"266",1,2,2
"267",1,1,1
"268",1,2,2
"269",1,2,2
"270",1,2,2
"271",1,2,2
"272",1,2,2
"273",1,2,2
"274",1,2,2
"275",1,1,1
"276",1,1,1
"277",1,1,1
"278",1,1,1
"279",1,1,1
"280",1,2,2
"281",1,1,1
"282",1,2,2
"283",1,1,1
"284",1,2,2
"285",1,1,1
"286",1,2,2
"287",1,2,2
"288",1,1,1
"289",1,2,2
"290",1,2,2
"291",1,2,2
"292",1,2,2
"293",1,1,1
"294",1,2,1
"295",1,1,1
"296",1,2,2
"297",1,1,1
"298",1,1,1
"299",1,1,1
"300",1,2,2
"301",1,1,1
"302",1,1,1
"303",1,2,2
"304",1,1,1
"305",1,2,2
"306",1,1,1
"307",1,2,2
"308",1,2,2
"309",1,1,1
"310",1,2,2
"311",1,1,1
"312",1,2,2
"313",1,2,2
"314",1,2,2
"315",1,2,2
"316",1,2,2
"317",1,2,2
"318",1,1,1
"319",1,1,1
"320",1,2,2
"321",1,2,2
"322",1,2,2
"323",1,2,2
"324",1,2,2
"325",1,2,2
"326",1,2,2
"327",1,1,1
"328",1,1,1
"329",1,2,2
"330",1,2,2
"331",1,1,2
"332",1,2,2
"333",1,1,1
"334",1,2,2
"335",1,2,2
"336",1,2,2
"337",1,2,2
"338",1,2,2
"339",1,2,2
"340",1,1,1
"341",1,1,1
"342",1,1,1
"343",1,2,2
"344",1,2,2
"345",1,2,2
"346",1,2,2
"347",1,1,1
"348",1,1,1
"349",1,2,2
"350",1,2,2
"351",1,2,2
"352",1,1,1
"353",1,1,2
"354",1,1,1
"355",1,1,1
"356",1,2,2
"357",1,1,1
"358",1,1,2
"359",1,2,2
"360",1,1,2
"361",1,2,2
"362",1,1,1
"363",1,2,2
"364",1,2,2
"365",1,2,2
"366",1,2,2
"367",1,1,1
"368",1,2,2
"369",1,1,1
"370",1,1,1
"371",1,2,2
"372",1,1,1
"373",1,2,2
"374",1,2,2
"375",1,2,2
"376",1,1,1
"377",1,2,2
"378",1,1,1
"379",1,1,2
"380",1,2,1
"381",1,1,1
"382",1,2,2
"383",1,2,2
"384",1,2,2
"385",1,1,1
"386",1,2,2
"387",1,1,1
"388",1,2,2
"389",1,1,1
"390",1,2,2
"391",1,2,2
"392",1,2,2
"393",1,1,2
"394",1,2,2
"395",1,2,2
"396",1,2,2
"397",1,1,1
"398",1,1,1
"399",1,1,1
"400",1,2,2
"401",1,2,2
"402",1,2,2
"403",1,2,2
"404",1,1,1
"405",1,1,1
"406",1,2,2
"407",1,2,2
"408",1,2,2
"409",1,1,1
"410",1,1,1
"411",1,2,2
"412",1,2,1
"413",1,2,2
"414",1,2,2
"415",1,2,2
"416",1,2,2
"417",1,2,2
"418",1,2,2
"419",1,2,2
"420",1,1,1
"421",1,2,2
"422",1,2,2
"423",1,2,2
"424",1,2,2
"425",1,1,1
"426",1,2,2
"427",1,1,1
"428",1,2,2
"429",1,2,2
"430",1,2,1
"431",1,2,2
"432",1,2,2
"433",1,2,2
"434",1,1,2
"435",1,2,2
"436",1,1,1
"437",1,1,2
"438",1,1,1
"439",1,2,2
"440",1,1,1
"441",1,2,2
"442",1,1,1
"443",1,1,1
"444",1,1,1
"445",1,1,1
"446",1,1,1
"447",1,2,2
"448",1,2,2
"449",1,2,2
"450",1,2,2
"451",1,1,1
"452",1,1,1
"453",1,2,2
"454",1,1,1
"455",1,2,2
"456",1,2,2
"457",1,2,2
"458",1,1,1
"459",1,1,1
"460",1,1,1
"461",1,2,2
"462",1,1,1
"463",1,1,1
"464",1,1,1
"465",1,2,2
"466",1,2,2
"467",1,1,1
"468",1,1,1
"469",1,2,2
"470",1,2,2
"471",1,2,2
"472",1,1,1
"473",1,2,2
"474",1,1,1
"475",1,2,2
"476",1,2,2
"477",1,1,1
"478",1,1,1
"479",1,2,2
"480",1,2,2
"481",1,1,1
"482",1,2,2
"483",1,2,2
"484",1,1,1
"485",1,2,2
"486",1,1,1
"487",1,1,1
"488",1,2,2
"489",1,1,1
"490",1,1,1
"491",1,2,2
"492",1,1,1
"493",1,2,2
"494",1,2,2
"495",1,2,2
"496",1,2,2
"497",1,2,2
"498",1,2,1
"499",1,1,1
"500",1,1,1
"501",1,1,1
"502",1,1,1
"503",1,2,2
"504",1,1,2
"505",1,2,2
"506",1,2,2
"507",1,2,2
"508",1,1,1
"509",1,1,1
"510",1,2,2
"511",1,2,2
"512",1,2,2
"513",1,2,2
"514",1,1,2
"515",1,2,2
"516",1,2,2
"517",1,2,2
"518",1,1,1
"519",1,2,2
"520",1,2,2
"521",1,2,2
"522",1,1,1
"523",1,2,2
"524",1,2,2
"525",1,1,1
"526",1,2,2
"527",1,2,2
"528",1,1,1
"529",1,2,2
"530",1,1,1
"531",1,2,2
"532",1,2,2
"533",1,2,2
"534",1,2,2
"535",1,2,2
"536",1,2,2
"537",1,1,1
"538",1,2,2
"539",1,1,1
"540",1,1,1
"541",1,2,2
"542",1,2,2
"543",1,1,1
"544",1,1,1
"545",1,1,1
"546",1,2,2
"547",1,1,1
"548",1,2,2
"549",1,2,2
"550",1,2,2
"551",1,2,2
"552",1,2,2
"553",1,1,1
"554",1,1,1
"555",1,2,2
"556",1,1,1
"557",1,2,1
"558",1,2,2
"559",1,2,2
"560",1,2,2
"561",1,2,2
"562",1,1,1
"563",1,1,1
"564",1,1,1
"565",1,2,2
"566",1,2,2
"567",1,2,2
"568",1,1,1
"569",1,2,2
"570",1,2,2
"571",1,2,2
"572",1,2,2
"573",1,2,2
"574",1,2,2
"575",1,2,2
"576",1,2,2
"577",1,1,1
"578",1,2,2
"579",1,1,1
"580",1,2,2
"581",1,2,2
"582",1,2,2
"583",1,1,1
"584",1,2,2
"585",1,2,2
"586",1,2,2
"587",1,2,2
"588",1,2,2
"589",1,2,2
"590",1,2,2
"591",1,2,2
"592",1,2,1
"593",1,2,2
"594",1,2,2
"595",1,2,2
"596",1,1,1
"597",1,1,1
"598",1,2,2
"599",1,1,1
"600",1,2,2
"601",1,2,2
"602",1,1,1
"603",1,2,2
"604",1,2,1
"605",1,1,1
"606",1,2,2
"607",1,1,1
"608",1,2,2
"609",1,2,2
"610",1,2,2
"611",1,1,1
"612",1,2,2
"613",1,2,2
"614",1,1,1
"615",1,2,2
"616",1,1,1
"617",1,1,1
"618",1,2,2
"619",1,1,1
"620",1,2,2
"621",1,2,2
"622",1,2,2
"623",1,2,2
"624",1,1,1
"625",1,2,2
"626",1,1,1
"627",1,1,1
"628",1,1,1
"629",1,2,2
"630",1,2,2
"631",1,2,2
"632",1,2,2
"633",1,2,2
"634",1,1,1
"635",1,2,2
"636",1,1,1
"637",1,1,1
"638",1,2,2
"639",1,2,2
"640",1,2,2
"641",1,1,2
"642",1,2,2
"643",1,1,1
"644",1,2,2
"645",1,2,2
"646",1,1,1
"647",1,1,1
"648",1,2,2
"649",1,1,1
"650",1,1,1
"651",1,1,1
"652",1,1,1
"653",1,1,1
"654",1,2,2
"655",1,1,1
"656",1,2,2
"657",1,2,2
"658",1,2,2
"659",1,2,2
"660",1,1,1
"661",1,2,2
"662",1,1,1
"663",1,2,2
"664",1,2,2
"665",1,1,1
"666",1,2,2
"667",1,2,2
"668",1,1,1
"669",1,2,2
"670",1,2,2
"671",1,2,2
"672",1,1,1
"673",1,2,2
"674",1,2,2
"675",1,1,1
"676",1,1,1
"677",1,2,2
"678",1,2,2
"679",1,1,1
"680",1,2,2
"681",1,2,2
"682",1,2,2
"683",1,1,1
"684",1,1,1
"685",1,2,2
"686",1,2,2
"687",1,2,2
"688",1,2,2
"689",1,1,1
"690",1,2,2
"691",1,2,2
"692",1,2,2
"693",1,2,2
"694",1,2,2
"695",1,2,2
"696",1,1,1
"697",1,2,2
"698",1,2,2
"699",1,2,2
"700",1,2,2
"701",1,2,2
"702",1,2,2
"703",1,1,1
"704",1,2,2
"705",1,1,1
"706",1,2,2
"707",1,2,2
"708",1,2,2
"709",1,1,1
"710",1,2,2
"711",1,2,2
"712",1,2,2
"713",1,2,2
"714",1,2,2
"715",1,1,1
"716",1,2,2
"717",1,2,2
"718",1,1,2
"719",1,2,2
"720",1,2,2
"721",1,1,1
"722",1,2,2
"723",1,2,2
"724",1,1,1
"725",1,1,1
"726",1,2,2
"727",1,1,2
"728",1,2,2
"729",1,2,2
"730",1,2,2
"731",1,2,2
"732",1,1,1
"733",1,2,2
"734",1,1,1
"735",1,1,1
"736",1,1,1
"737",1,1,1
"738",1,1,1
"739",1,1,2
"740",1,2,2
"741",1,1,2
"742",1,2,2
"743",1,1,1
"744",1,2,2
"745",1,2,2
"746",1,2,2
"747",1,1,1
"748",1,1,1
"749",1,2,2
"750",1,1,1
"751",1,2,2
"752",1,1,1
"753",1,1,1
"754",1,2,2
"755",1,1,1
"756",1,1,1
"757",1,1,2
"758",1,1,1
"759",1,1,1
"760",1,1,1
"761",1,2,2
"762",1,2,2
"763",1,1,1
"764",1,1,1
"765",1,1,1
"766",1,2,2
"767",1,2,2
"768",1,1,1
"769",1,1,1
"770",1,1,1
"771",1,2,2
"772",1,1,1
"773",1,1,1
"774",1,1,1
"775",1,2,2
"776",1,2,2
"777",1,2,2
"778",1,2,2
"779",1,2,2
"780",1,1,1
"781",1,2,2
"782",1,2,2
"783",1,2,2
"784",1,2,2
"785",1,1,1
"786",1,2,2
"787",1,1,1
"788",1,1,1
"789",1,2,2
"790",1,1,1
"791",1,2,2
"792",1,1,1
"793",1,2,2
"794",1,2,2
"795",1,2,2
"796",1,1,1
"797",1,1,1
"798",1,2,2
"799",1,1,1
"800",1,1,2
"801",1,1,1
"802",1,2,2
"803",1,2,2
"804",1,2,2
"805",1,2,2
"806",1,2,2
"807",1,1,1
"808",1,1,1
"809",1,2,2
"810",1,2,2
"811",1,2,2
"812",1,2,2
"813",1,1,1
"814",1,1,1
"815",1,2,2
"816",1,1,1
"817",1,2,2
"818",1,2,2
"819",1,2,2
"820",1,2,2
"821",1,2,2
"822",1,1,1
"823",1,2,2
"824",1,2,2
"825",1,1,1
"826",1,2,2
"827",1,1,1
"828",1,1,1
"829",1,2,2
"830",1,2,1
"831",1,1,1
"832",1,2,2
"833",1,2,2
"834",1,2,2
"835",1,2,2
"836",1,2,2
"837",1,2,2
"838",1,2,2
"839",1,2,1
"840",1,2,2
"841",1,2,2
"842",1,2,2
"843",1,1,1
"844",1,2,2
"845",1,1,1
"846",1,2,2
"847",1,2,2
"848",1,2,2
"849",1,1,2
"850",1,1,1
"851",1,1,1
"852",1,1,1
"853",1,1,2
"854",1,1,1
"855",1,2,2
"856",1,2,2
"857",1,2,2
"858",1,2,2
"859",1,2,1
"860",1,2,2
"861",1,2,2
"862",1,1,1
"863",1,2,2
"864",1,2,2
"865",1,1,1
"866",1,2,2
"867",1,2,2
"868",1,2,2
"869",1,1,2
"870",1,1,1
"871",1,1,1
"872",1,2,2
"873",1,1,1
"874",1,2,2
"875",1,2,2
"876",1,2,2
"877",1,2,2
"878",1,1,2
"879",1,2,1
"880",1,1,1
"881",1,2,2
"882",1,1,1
"883",1,2,2
"884",1,2,2
"885",1,1,1
"886",1,2,2
"887",1,1,1
"888",1,2,2
"889",1,1,1
"890",1,1,1
"891",1,1,1
"892",1,2,2
"893",1,1,2
"894",1,1,1
"895",1,1,1
"896",1,1,1
"897",1,2,2
"898",1,2,2
"899",1,2,2
"900",1,1,1
"901",1,2,2
"902",1,1,1
"903",1,1,1
"904",1,2,2
"905",1,2,2
"906",1,2,2
"907",1,2,2
"908",1,2,2
"909",1,2,2
"910",1,1,1
"911",1,1,1
"912",1,2,2
"913",1,1,1
"914",1,2,2
"915",1,2,2
"916",1,2,2
"917",1,2,2
"918",1,1,1
"919",1,1,1
"920",1,2,2
"921",1,2,2
"922",1,2,2
"923",1,2,2
"924",1,2,2
"925",1,1,1
"926",1,1,1
"927",1,1,2
"928",1,2,2
"929",1,1,1
"930",1,2,2
"931",1,2,2
"932",1,2,2
"933",1,1,1
"934",1,2,2
"935",1,1,1
"936",1,1,1
"937",1,2,2
"938",1,2,2
"939",1,2,2
"940",1,1,1
"941",1,2,2
"942",1,2,2
"943",1,2,2
"944",1,2,2
"945",1,2,2
"946",1,1,1
"947",1,1,1
"948",1,1,1
"949",1,2,2
"950",1,1,1
"951",1,1,1
"952",1,1,1
"953",1,1,1
"954",1,2,2
"955",1,2,2
"956",1,1,1
"957",1,1,1
"958",1,2,2
"959",1,1,2
"960",1,1,1
"961",1,2,2
"962",1,2,2
"963",1,2,2
"964",1,1,1
"965",1,2,2
"966",1,2,2
"967",1,2,1
"968",1,1,1
"969",1,2,2
"970",1,2,2
"971",1,1,1
"972",1,2,2
"973",1,1,1
"974",1,1,1
"975",1,1,1
"976",1,2,2
"977",1,2,2
"978",1,1,1
"979",1,1,1
"980",1,2,2
"981",1,2,2
"982",1,1,1
"983",1,2,2
"984",1,1,2
"985",1,1,1
"986",1,1,1
"987",1,2,2
"988",1,1,1
"989",1,2,2
"990",1,1,1
"991",1,1,1
"992",1,2,2
"993",1,2,2
"994",1,2,2
"995",1,2,2
"996",1,2,1
"997",1,2,2
"998",1,2,2
"999",1,2,2
"1000",1,1,1
"1001",1,2,2
"1002",1,2,2
"1003",1,2,2
"1004",1,1,1
"1005",1,2,2
"1006",1,1,2
"1007",1,2,2
"1008",1,1,1
"1009",1,2,2
"1010",1,1,1
"1011",1,2,2
"1012",1,1,1
"1013",1,2,2
"1014",1,2,2
"1015",1,2,2
"1016",1,2,2
"1017",1,2,2
"1018",1,1,1
"1019",1,2,2
"1020",1,2,2
"1021",1,2,2
"1022",1,1,1
"1023",1,1,1
"1024",1,2,2
"1025",1,2,2
"1026",1,2,2
"1027",1,2,2
"1028",1,2,2
"1029",1,2,2
"1030",1,1,1
"1031",1,1,1
"1032",1,2,2
"1033",1,2,2
"1034",1,1,1
"1035",1,1,1
"1036",1,1,2
"1037",1,2,2
"1038",1,2,2
"1039",1,1,1
"1040",1,2,2
"1041",1,1,1
"1042",1,2,2
"1043",1,1,1
"1044",1,2,2
"1045",1,2,2
"1046",1,2,2
"1047",1,1,1
"1048",1,2,2
"1049",1,2,2
"1050",1,2,2
"1051",1,2,2
"1052",1,2,2
"1053",1,2,2
"1054",1,2,2
"1055",1,2,2
"1056",1,2,2
"1057",1,1,1
"1058",1,2,2
"1059",1,2,2
"1060",1,2,2
"1061",1,1,1
"1062",1,1,1
"1063",1,2,2
"1064",1,2,2
"1065",1,2,2
"1066",1,2,2
"1067",1,1,1
"1068",1,2,2
"1069",1,1,1
"1070",1,2,2
"1071",1,2,2
"1072",1,2,2
"1073",1,2,2
"1074",1,1,1
"1075",1,1,1
"1076",1,1,1
"1077",1,2,2
"1078",1,2,2
"1079",1,2,2
"1080",1,2,2
"1081",1,2,2
"1082",1,1,1
"1083",1,2,2
"1084",1,1,1
"1085",1,1,1
"1086",1,2,2
"1087",1,2,2
"1088",1,2,1
"1089",1,2,2
"1090",1,1,2
"1091",1,1,1
"1092",1,2,2
"1093",1,2,2
"1094",1,2,2
"1095",1,2,2
"1096",1,2,2
"1097",1,2,2
"1098",1,2,2
"1099",1,2,2
"1100",1,2,2
"1101",1,1,1
"1102",1,2,2
"1103",1,2,2
"1104",1,1,1
"1105",1,2,2
"1106",1,2,2
"1107",1,1,1
"1108",1,2,2
"1109",1,2,2
"1110",1,2,2
"1111",1,1,2
"1112",1,2,2
"1113",1,2,2
"1114",1,1,2
"1115",1,1,1
"1116",1,1,1
"1117",1,1,1
"1118",1,2,2
"1119",1,2,2
"1120",1,1,1
"1121",1,2,2
"1122",1,1,1
"1123",1,2,2
"1124",1,2,2
"1125",1,2,2
"1126",1,2,2
"1127",1,2,2
"1128",1,1,1
"1129",1,2,2
"1130",1,2,2
"1131",1,1,1
"1132",1,2,2
"1133",1,2,2
"1134",1,2,2
"1135",1,1,1
"1136",1,2,2
"1137",1,2,2
"1138",1,2,2
"1139",1,1,1
"1140",1,1,1
"1141",1,2,2
"1142",1,2,2
"1143",1,2,2
"1144",1,2,2
"1145",1,1,1
"1146",1,2,2
"1147",1,2,2
"1148",1,1,1
"1149",1,2,2
"1150",1,1,1
"1151",1,1,1
"1152",1,1,1
"1153",1,1,1
"1154",1,2,2
"1155",1,1,1
"1156",1,2,2
"1157",1,2,2
"1158",1,1,1
"1159",1,1,2
"1160",1,2,2
"1161",1,2,2
"1162",1,1,1
"1163",1,2,2
"1164",1,2,2
"1165",1,1,1
"1166",1,2,2
"1167",1,2,2
"1168",1,1,1
"1169",1,1,1
"1170",1,2,2
"1171",1,2,2
"1172",1,2,2
"1173",1,1,1
"1174",1,2,2
"1175",1,1,1
"1176",1,2,2
"1177",1,2,1
"1178",1,2,2
"1179",1,1,1
"1180",1,2,2
"1181",1,1,1
"1182",1,1,1
"1183",1,2,1
"1184",1,1,1
"1185",1,2,2
"1186",1,2,2
"1187",1,2,2
"1188",1,1,1
"1189",1,2,2
"1190",1,2,2
"1191",1,1,1
"1192",1,2,2
"1193",1,2,2
"1194",1,2,2
"1195",1,2,2
"1196",1,1,2
"1197",1,1,1
"1198",1,2,2
"1199",1,2,2
"1200",1,2,2
"1201",1,1,1
"1202",1,2,2
"1203",1,2,2
"1204",1,1,1
"1205",1,1,2
"1206",1,2,2
"1207",1,2,2
"1208",1,1,1
"1209",1,2,2
"1210",1,2,2
"1211",1,1,1
"1212",1,2,2
"1213",1,2,2
"1214",1,1,1
"1215",1,2,2
"1216",1,2,2
"1217",1,2,2
"1218",1,2,2
"1219",1,2,2
"1220",1,2,2
"1221",1,2,2
"1222",1,2,2
"1223",1,1,1
"1224",1,2,2
"1225",1,2,2
"1226",1,1,2
"1227",1,2,2
"1228",1,2,2
"1229",1,1,1
"1230",1,2,1
"1231",1,2,2
"1232",1,1,1
"1233",1,1,1
"1234",1,2,2
"1235",1,2,2
"1236",1,2,2
"1237",1,2,2
"1238",1,1,1
"1239",1,1,1
"1240",1,2,2
"1241",1,1,1
"1242",1,1,1
"1243",1,2,2
"1244",1,2,2
"1245",1,1,1
"1246",1,1,1
"1247",1,1,1
"1248",1,2,2
"1249",1,2,2
"1250",1,2,2
"1251",1,1,2
"1252",1,2,2
"1253",1,2,2
"1254",1,2,2
"1255",1,2,2
"1256",1,2,2
"1257",1,1,1
"1258",1,2,2
"1259",1,2,2
"1260",1,1,1
"1261",1,1,1
"1262",1,2,2
"1263",1,2,2
"1264",1,2,2
"1265",1,2,2
"1266",1,1,1
"1267",1,2,2
"1268",1,2,2
"1269",1,2,2
"1270",1,2,2
"1271",1,2,2
"1272",1,1,1
"1273",1,1,1
"1274",1,2,2
"1275",1,1,1
"1276",1,2,2
"1277",1,2,2
"1278",1,2,2
"1279",1,1,2
"1280",1,1,1
"1281",1,2,2
"1282",1,1,1
"1283",1,2,2
"1284",1,1,1
"1285",1,2,2
"1286",1,1,1
"1287",1,2,2
"1288",1,1,1
"1289",1,2,2
"1290",1,2,2
"1291",1,2,2
"1292",1,1,1
"1293",1,1,2
"1294",1,2,2
"1295",1,2,2
"1296",1,1,1
"1297",1,2,2
"1298",1,1,1
"1299",1,2,2
"1300",1,2,1
"1301",1,2,2
"1302",1,1,1
"1303",1,2,2
"1304",1,1,1
"1305",1,1,1
"1306",1,2,2
"1307",1,2,2
"1308",1,2,2
"1309",1,1,1
"1310",1,2,2
"1311",1,2,2
"1312",1,1,1
"1313",1,2,2
"1314",1,2,2
"1315",1,2,1
"1316",1,2,2
"1317",1,2,2
"1318",1,2,2
"1319",1,2,2
"1320",1,1,1
"1321",1,1,1
"1322",1,2,2
"1323",1,2,2
"1324",1,1,1
"1325",1,2,2
"1326",1,1,1
"1327",1,1,1
"1328",1,2,2
"1329",1,2,2
"1330",1,2,2
"1331",1,1,1
"1332",1,2,2
"1333",1,1,2
"1334",1,2,2
"1335",1,1,1
"1336",1,2,2
"1337",1,1,1
"1338",1,2,2
"1339",1,1,1
"1340",1,2,2
"1341",1,2,2
"1342",1,2,2
"1343",1,2,2
"1344",1,2,2
"1345",1,1,2
"1346",1,2,2
"1347",1,1,1
"1348",1,1,1
"1349",1,1,1
"1350",1,1,1
"1351",1,1,1
"1352",1,1,1
"1353",1,1,1
"1354",1,2,2
"1355",1,2,2
"1356",1,1,1
"1357",1,1,1
"1358",1,2,2
"1359",1,2,2
"1360",1,2,2
"1361",1,1,2
"1362",1,2,2
"1363",1,2,2
"1364",1,1,1
"1365",1,1,1
"1366",1,2,2
"1367",1,1,1
"1368",1,1,1
"1369",1,1,1
"1370",1,2,2
"1371",1,1,1
"1372",1,2,2
"1373",1,2,1
"1374",1,2,2
"1375",1,2,2
"1376",1,1,1
"1377",1,1,1
"1378",1,1,1
"1379",1,2,2
"1380",1,2,2
"1381",1,2,2
"1382",1,2,2
"1383",1,2,2
"1384",1,2,2
"1385",1,2,2
"1386",1,2,2
"1387",1,2,2
"1388",1,1,1
"1389",1,2,2
"1390",1,2,2
"1391",1,2,1
"1392",1,2,2
"1393",1,2,2
"1394",1,2,2
"1395",1,2,2
"1396",1,2,2
"1397",1,2,2
"1398",1,2,2
"1399",1,2,2
"1400",1,1,1
"1401",1,2,1
"1402",1,2,2
"1403",1,2,2
"1404",1,1,1
"1405",1,1,1
"1406",1,2,2
"1407",1,2,2
"1408",1,2,2
"1409",1,2,2
"1410",1,2,2
"1411",1,2,2
"1412",1,2,2
"1413",1,2,2
"1414",1,2,1
"1415",1,1,1
"1416",1,2,2
"1417",1,1,1
"1418",1,2,2
"1419",1,2,2
"1420",1,2,2
"1421",1,1,1
"1422",1,2,2
"1423",1,2,2
"1424",1,1,1
"1425",1,2,2
"1426",1,1,1
"1427",1,2,2
"1428",1,1,1
"1429",1,2,2
"1430",1,2,2
"1431",1,1,1
"1432",1,2,2
"1433",1,1,1
"1434",1,1,1
"1435",1,2,2
"1436",1,1,1
"1437",1,2,2
"1438",1,2,2
"1439",1,2,2
"1440",1,1,1
"1441",1,1,1
"1442",1,2,2
"1443",1,1,1
"1444",1,1,1
"1445",1,2,2
"1446",1,1,1
"1447",1,1,1
"1448",1,2,2
"1449",1,1,1
"1450",1,2,2
"1451",1,1,1
"1452",1,2,2
"1453",1,1,1
"1454",1,2,2
"1455",1,2,2
"1456",1,2,2
"1457",1,2,2
"1458",1,2,2
"1459",1,1,1
"1460",1,2,2
"1461",1,2,2
"1462",1,2,2
"1463",1,2,2
"1464",1,1,1
"1465",1,2,2
"1466",1,2,2
"1467",1,2,2
"1468",1,2,2
"1469",1,2,2
"1470",1,2,2
"1471",1,2,2
"1472",1,2,2
"1473",1,2,2
"1474",1,1,1
"1475",1,2,2
"1476",1,2,2
"1477",1,2,2
"1478",1,1,1
"1479",1,2,2
"1480",1,1,1
"1481",1,2,2
"1482",1,1,1
"1483",1,2,2
"1484",1,2,2
"1485",1,2,2
"1486",1,2,2
"1487",1,1,1
"1488",1,1,1
"1489",1,2,2
"1490",1,1,1
"1491",1,2,2
"1492",1,1,1
"1493",1,2,2
"1494",1,2,2
"1495",1,1,1
"1496",1,1,2
"1497",1,1,1
"1498",1,1,2
"1499",1,1,2
"1500",1,1,1
"1501",1,2,2
"1502",1,1,1
"1503",1,1,1
"1504",1,1,1
"1505",1,2,2
"1506",1,2,2
"1507",1,1,2
"1508",1,2,2
"1509",1,1,1
"1510",1,2,2
"1511",1,1,1
"1512",1,2,2
"1513",1,1,1
"1514",1,2,2
"1515",1,2,2
"1516",1,2,2
"1517",1,2,2
"1518",1,2,2
"1519",1,2,2
"1520",1,2,2
"1521",1,2,2
"1522",1,2,2
"1523",1,1,1
"1524",1,1,1
"1525",1,2,2
"1526",1,2,1
"1527",1,2,2
"1528",1,2,2
"1529",1,2,2
"1530",1,2,2
"1531",1,2,2
"1532",1,1,1
"1533",1,1,1
"1534",1,2,2
"1535",1,1,1
"1536",1,2,2
"1537",1,1,1
"1538",1,2,2
"1539",1,2,2
"1540",1,1,1
"1541",1,2,2
"1542",1,1,1
"1543",1,2,2
"1544",1,2,2
"1545",1,2,2
"1546",1,2,2
"1547",1,2,2
"1548",1,2,2
"1549",1,1,1
"1550",1,2,2
"1551",1,2,2
"1552",1,2,2
"1553",1,2,2
"1554",1,1,1
"1555",1,2,2
"1556",1,2,2
"1557",1,2,2
"1558",1,2,2
"1559",1,1,1
"1560",1,2,2
"1561",1,2,2
"1562",1,2,2
"1563",1,2,2
"1564",1,1,1
"1565",1,2,2
"1566",1,1,1
"1567",1,2,2
"1568",1,2,2
"1569",1,2,2
"1570",1,2,2
"1571",1,1,1
"1572",1,2,2
"1573",1,1,1
"1574",1,2,2
"1575",1,1,1
"1576",1,1,1
"1577",1,2,2
"1578",1,2,2
"1579",1,2,2
"1580",1,2,2
"1581",1,1,1
"1582",1,2,2
"1583",1,2,2
"1584",1,1,1
"1585",1,2,2
"1586",1,1,1
"1587",1,2,2
"1588",1,1,2
"1589",1,1,1
"1590",1,2,2
"1591",1,2,2
"1592",1,2,2
"1593",1,2,2
"1594",1,2,2
"1595",1,1,1
"1596",1,2,2
"1597",1,1,1
"1598",1,2,2
"1599",1,2,2
"1600",1,2,1
"1601",1,1,1
"1602",1,2,2
"1603",1,2,2
"1604",1,2,2
"1605",1,2,2
"1606",1,2,2
"1607",1,1,1
"1608",1,2,2
"1609",1,2,2
"1610",1,2,2
"1611",1,1,1
"1612",1,2,2
"1613",1,2,2
"1614",1,1,1
"1615",1,2,2
"1616",1,2,2
"1617",1,1,1
"1618",1,1,1
"1619",1,2,2
"1620",1,2,2
"1621",1,1,1
"1622",1,1,1
"1623",1,2,2
"1624",1,1,1
"1625",1,1,1
"1626",1,1,1
"1627",1,1,1
"1628",1,2,1
"1629",1,1,1
"1630",1,1,1
"1631",1,2,2
"1632",1,1,2
"1633",1,1,1
"1634",1,2,2
"1635",1,2,2
"1636",1,2,2
"1637",1,2,2
"1638",1,2,1
"1639",1,1,1
"1640",1,2,2
"1641",1,1,1
"1642",1,2,2
"1643",1,2,2
"1644",1,2,2
"1645",1,2,2
"1646",1,1,1
"1647",1,1,1
"1648",1,1,1
"1649",1,2,2
"1650",1,2,2
"1651",1,2,2
"1652",1,2,2
"1653",1,2,2
"1654",1,2,2
"1655",1,2,2
"1656",1,1,1
"1657",1,2,2
"1658",1,1,1
"1659",1,2,2
"1660",1,2,2
"1661",1,2,2
"1662",1,1,2
"1663",1,1,1
"1664",1,1,1
"1665",1,2,2
"1666",1,1,1
"1667",1,2,2
"1668",1,1,1
"1669",1,2,2
"1670",1,1,1
"1671",1,2,2
"1672",1,1,1
"1673",1,2,2
"1674",1,2,2
"1675",1,2,2
"1676",1,2,2
"1677",1,2,2
"1678",1,1,1
"1679",1,2,2
"1680",1,2,2
"1681",1,1,1
"1682",1,1,2
"1683",1,2,2
"1684",1,2,2
"1685",1,1,1
"1686",1,2,2
"1687",1,2,2
"1688",1,1,1
"1689",1,1,1
"1690",1,1,1
"1691",1,2,2
"1692",1,1,1
"1693",1,1,1
"1694",1,2,1
"1695",1,2,2
"1696",1,1,1
"1697",1,1,1
"1698",1,2,2
"1699",1,1,1
"1700",1,2,2
"1701",1,2,2
"1702",1,2,2
"1703",1,2,2
"1704",1,1,1
"1705",1,1,1
"1706",1,1,1
"1707",1,2,2
"1708",1,1,1
"1709",1,2,2
"1710",1,2,2
"1711",1,2,2
"1712",1,1,1
"1713",1,2,2
"1714",1,2,2
"1715",1,2,2
"1716",1,2,2
"1717",1,1,1
"1718",1,2,2
"1719",1,1,2
"1720",1,1,1
"1721",1,1,1
"1722",1,2,2
"1723",1,2,2
"1724",1,2,2
"1725",1,2,2
"1726",1,2,2
"1727",1,2,2
"1728",1,2,2
"1729",1,1,1
"1730",1,2,2
"1731",1,1,1
"1732",1,1,1
"1733",1,2,2
"1734",1,2,2
"1735",1,2,2
"1736",1,2,2
"1737",1,1,1
"1738",1,1,1
"1739",1,1,1
"1740",1,1,1
"1741",1,1,1
"1742",1,2,2
"1743",1,2,2
"1744",1,2,2
"1745",1,1,1
"1746",1,1,1
"1747",1,2,2
"1748",1,1,1
"1749",1,1,1
"1750",1,2,2
"1751",1,1,1
"1752",1,2,2
"1753",1,1,1
"1754",1,2,2
"1755",1,2,2
"1756",1,2,2
"1757",1,2,2
"1758",1,2,2
"1759",1,1,1
"1760",1,1,1
"1761",1,1,1
"1762",1,2,2
"1763",1,2,2
"1764",1,2,2
"1765",1,2,2
"1766",1,2,2
"1767",1,2,2
"1768",1,2,2
"1769",1,2,2
"1770",1,1,1
"1771",1,1,1
"1772",1,1,1
"1773",1,1,1
"1774",1,2,2
"1775",1,2,2
"1776",1,2,2
"1777",1,2,2
"1778",1,2,2
"1779",1,1,1
"1780",1,2,2
"1781",1,2,2
"1782",1,2,2
"1783",1,1,1
"1784",1,2,2
"1785",1,1,1
"1786",1,2,2
"1787",1,1,1
"1788",1,1,1
"1789",1,1,1
"1790",1,2,2
"1791",1,2,2
"1792",1,1,1
"1793",1,2,2
"1794",1,2,2
"1795",1,1,1
"1796",1,2,2
"1797",1,2,2
"1798",1,1,1
"1799",1,2,2
"1800",1,1,1
"1801",1,2,2
"1802",1,2,2
"1803",1,2,2
"1804",1,2,2
"1805",1,2,2
"1806",1,1,1
"1807",1,1,1
"1808",1,1,1
"1809",1,2,2
"1810",1,2,2
"1811",1,2,2
"1812",1,2,2
"1813",1,2,2
"1814",1,2,2
"1815",1,2,2
"1816",1,2,2
"1817",1,2,1
"1818",1,2,2
"1819",1,2,2
"1820",1,2,2
"1821",1,2,2
"1822",1,2,2
"1823",1,2,2
"1824",1,2,2
"1825",1,2,2
"1826",1,2,2
"1827",1,1,1
"1828",1,1,1
"1829",1,1,1
"1830",1,2,2
"1831",1,2,2
"1832",1,2,2
"1833",1,1,2
"1834",1,1,1
"1835",1,2,2
"1836",1,1,1
"1837",1,2,2
"1838",1,2,2
"1839",1,2,2
"1840",1,1,2
"1841",1,2,1
"1842",1,1,1
"1843",1,2,2
"1844",1,1,1
"1845",1,2,2
"1846",1,2,2
"1847",1,1,1
"1848",1,2,2
"1849",1,2,1
"1850",1,1,1
"1851",1,1,1
"1852",1,2,2
"1853",1,2,2
"1854",1,2,2
"1855",1,1,1
"1856",1,1,1
"1857",1,2,2
"1858",1,2,2
"1859",1,1,1
"1860",1,1,1
"1861",1,2,2
"1862",1,2,2
"1863",1,1,1
"1864",1,1,1
"1865",1,2,2
"1866",1,2,2
"1867",1,1,2
"1868",1,2,2
"1869",1,2,2
"1870",1,1,1
"1871",1,1,1
"1872",1,2,2
"1873",1,1,1
"1874",1,1,1
"1875",1,1,1
"1876",1,2,2
"1877",1,1,1
"1878",1,2,2
"1879",1,2,2
"1880",1,1,1
"1881",1,2,2
"1882",1,2,2
"1883",1,2,2
"1884",1,2,2
"1885",1,2,2
"1886",1,2,2
"1887",1,2,2
"1888",1,2,2
"1889",1,1,1
"1890",1,2,2
"1891",1,1,1
"1892",1,2,2
"1893",1,1,1
"1894",1,1,1
"1895",1,2,2
"1896",1,1,1
"1897",1,2,2
"1898",1,1,1
"1899",1,2,2
"1900",1,2,2
"1901",1,1,1
"1902",1,2,2
"1903",1,2,2
"1904",1,2,2
"1905",1,2,2
"1906",1,1,2
"1907",1,1,1
"1908",1,2,2
"1909",1,2,2
"1910",1,1,1
"1911",1,2,2
"1912",1,2,2
"1913",1,1,1
"1914",1,1,1
"1915",1,1,1
"1916",1,2,2
"1917",1,1,1
"1918",1,2,2
"1919",1,1,1
"1920",1,2,2
"1921",1,1,1
"1922",1,2,2
"1923",1,2,2
"1924",1,2,2
"1925",1,2,2
"1926",1,2,2
"1927",1,1,1
"1928",1,2,2
"1929",1,2,2
"1930",1,2,2
"1931",1,2,2
"1932",1,1,1
"1933",1,1,1
"1934",1,2,2
"1935",1,2,2
"1936",1,1,1
"1937",1,2,2
"1938",1,2,2
"1939",1,1,1
"1940",1,2,2
"1941",1,1,1
"1942",1,1,1
"1943",1,2,2
"1944",1,1,1
"1945",1,2,2
"1946",1,2,2
"1947",1,1,1
"1948",1,2,2
"1949",1,1,1
"1950",1,1,1
"1951",1,2,2
"1952",1,1,1
"1953",1,2,2
"1954",1,2,2
"1955",1,2,2
"1956",1,2,2
"1957",1,2,2
"1958",1,1,1
"1959",1,2,2
"1960",1,1,1
"1961",1,1,1
"1962",1,2,2
"1963",1,2,2
"1964",1,2,1
"1965",1,1,1
"1966",1,2,2
"1967",1,2,2
"1968",1,2,2
"1969",1,2,2
"1970",1,2,2
"1971",1,2,2
"1972",1,2,2
"1973",1,2,2
"1974",1,1,1
"1975",1,1,1
"1976",1,2,2
"1977",1,2,2
"1978",1,2,2
"1979",1,2,2
"1980",1,2,2
"1981",1,1,1
"1982",1,2,2
"1983",1,2,2
"1984",1,2,2
"1985",1,2,2
"1986",1,2,2
"1987",1,2,2
"1988",1,2,2
"1989",1,2,2
"1990",1,1,1
"1991",1,1,2
"1992",1,1,2
"1993",1,1,1
"1994",1,2,2
"1995",1,1,1
"1996",1,1,1
"1997",1,2,2
"1998",1,1,1
"1999",1,1,1
"2000",1,2,2
"2001",1,2,2
"2002",1,2,2
"2003",1,2,2
"2004",1,2,2
"2005",1,2,2
"2006",1,2,2
"2007",1,1,1
"2008",1,1,1
"2009",1,2,2
"2010",1,2,2
"2011",1,2,2
"2012",1,1,2
"2013",1,2,2
"2014",1,2,2
"2015",1,2,2
"2016",1,2,2
"2017",1,1,1
"2018",1,1,1
"2019",1,1,2
"2020",1,2,2
"2021",1,2,2
"2022",1,1,1
"2023",1,2,2
"2024",1,2,2
"2025",1,2,2
"2026",1,1,1
"2027",1,2,2
"2028",1,2,2
"2029",1,1,1
"2030",1,2,2
"2031",1,2,2
"2032",1,2,2
"2033",1,2,2
"2034",1,2,2
"2035",1,1,1
"2036",1,2,2
"2037",1,2,2
"2038",1,2,2
"2039",1,2,2
"2040",1,2,2
"2041",1,2,2
"2042",1,1,1
"2043",1,2,2
"2044",1,1,1
"2045",1,1,1
"2046",1,2,2
"2047",1,2,2
"2048",1,2,2
"2049",1,2,2
"2050",1,2,2
"2051",1,1,1
"2052",1,2,2
"2053",1,1,1
"2054",1,2,2
"2055",1,1,1
"2056",1,2,2
"2057",1,2,2
"2058",1,1,2
"2059",1,1,1
"2060",1,1,1
"2061",1,2,2
"2062",1,1,1
"2063",1,1,2
"2064",1,2,2
"2065",1,1,1
"2066",1,2,2
"2067",1,1,1
"2068",1,1,1
"2069",1,2,2
"2070",1,1,1
"2071",1,1,1
"2072",1,2,2
"2073",1,2,2
"2074",1,1,2
"2075",1,1,1
"2076",1,2,2
"2077",1,1,1
"2078",1,2,2
"2079",1,1,1
"2080",1,1,1
"2081",1,2,2
"2082",1,2,2
"2083",1,1,1
"2084",1,2,2
"2085",1,2,2
"2086",1,2,2
"2087",1,1,1
"2088",1,1,1
"2089",1,2,2
"2090",1,2,2
"2091",1,1,2
"2092",1,1,2
"2093",1,2,2
"2094",1,2,2
"2095",1,2,2
"2096",1,2,2
"2097",1,1,1
"2098",1,2,2
"2099",1,2,2
"2100",1,2,2
"2101",1,2,2
"2102",1,2,2
"2103",1,2,2
"2104",1,2,2
"2105",1,1,1
"2106",1,2,2
"2107",1,2,1
"2108",1,1,1
"2109",1,1,1
"2110",1,2,2
"2111",1,2,2
"2112",1,2,2
"2113",1,2,1
"2114",1,1,1
"2115",1,2,2
"2116",1,1,1
"2117",1,2,2
"2118",1,1,2
"2119",1,2,2
"2120",1,2,1
"2121",1,2,2
"2122",1,2,2
"2123",1,1,1
"2124",1,1,1
"2125",1,2,2
"2126",1,1,1
"2127",1,2,2
"2128",1,1,1
"2129",1,2,2
"2130",1,2,2
"2131",1,2,2
"2132",1,2,2
"2133",1,1,1
"2134",1,2,2
"2135",1,2,2
"2136",1,2,2
"2137",1,2,2
"2138",1,1,1
"2139",1,1,1
"2140",1,2,2
"2141",1,1,1
"2142",1,2,2
"2143",1,1,1
"2144",1,1,1
"2145",1,2,2
"2146",1,2,2
"2147",1,1,1
"2148",1,2,2
"2149",1,1,1
"2150",1,2,2
"2151",1,2,2
"2152",1,2,2
"2153",1,2,2
"2154",1,2,2
"2155",1,2,2
"2156",1,1,1
"2157",1,1,1
"2158",1,1,1
"2159",1,2,2
"2160",1,1,1
"2161",1,1,1
"2162",1,1,1
"2163",1,2,2
"2164",1,2,2
"2165",1,1,1
"2166",1,2,2
"2167",1,1,1
"2168",1,1,1
"2169",1,1,1
"2170",1,2,2
"2171",1,1,1
"2172",1,2,2
"2173",1,2,2
"2174",1,2,1
"2175",1,2,2
"2176",1,2,2
"2177",1,1,1
"2178",1,1,2
"2179",1,2,2
"2180",1,2,2
"2181",1,2,2
"2182",1,2,2
"2183",1,2,2
"2184",1,2,2
"2185",1,2,2
"2186",1,2,2
"2187",1,1,1
"2188",1,1,1
"2189",1,1,1
"2190",1,2,2
"2191",1,1,1
"2192",1,1,1
"2193",1,1,1
"2194",1,1,1
"2195",1,1,1
"2196",1,2,2
"2197",1,2,2
"2198",1,1,1
"2199",1,2,2
"2200",1,2,2
"2201",1,2,2
"2202",1,2,2
"2203",1,2,2
"2204",1,2,2
"2205",1,2,2
"2206",1,1,1
"2207",1,2,2
"2208",1,2,2
"2209",1,2,2
"2210",1,1,1
"2211",1,1,1
"2212",1,2,2
"2213",1,2,2
"2214",1,1,1
"2215",1,2,2
"2216",1,2,2
"2217",1,1,1
"2218",1,2,2
"2219",1,2,2
"2220",1,2,2
"2221",1,1,1
"2222",1,2,2
"2223",1,1,2
"2224",1,2,2
"2225",1,2,2
"2226",1,1,1
"2227",1,2,2
"2228",1,1,1
"2229",1,2,2
"2230",1,2,2
"2231",1,1,1
"2232",1,1,1
"2233",1,2,2
"2234",1,2,2
"2235",1,2,2
"2236",1,2,2
"2237",1,1,1
"2238",1,2,2
"2239",1,2,2
"2240",1,2,2
"2241",1,1,1
"2242",1,2,2
"2243",1,2,2
"2244",1,1,1
"2245",1,2,2
"2246",1,2,2
"2247",1,1,1
"2248",1,1,1
"2249",1,2,2
"2250",1,2,2
"2251",1,2,2
"2252",1,2,1
"2253",1,1,1
"2254",1,1,1
"2255",1,2,2
"2256",1,2,2
"2257",1,1,1
"2258",1,2,2
"2259",1,2,2
"2260",1,1,1
"2261",1,2,2
"2262",1,2,2
"2263",1,2,2
"2264",1,2,2
"2265",1,2,2
"2266",1,1,1
"2267",1,1,1
"2268",1,2,2
"2269",1,1,1
"2270",1,1,1
"2271",1,2,2
"2272",1,2,2
"2273",1,2,1
"2274",1,2,2
"2275",1,2,2
"2276",1,2,2
"2277",1,1,1
"2278",1,1,1
"2279",1,1,1
"2280",1,2,2
"2281",1,1,1
"2282",1,1,1
"2283",1,2,2
"2284",1,1,1
"2285",1,2,2
"2286",1,2,2
"2287",1,2,2
"2288",1,2,2
"2289",1,1,1
"2290",1,1,1
"2291",1,2,2
"2292",1,1,1
"2293",1,2,2
"2294",1,2,2
"2295",1,1,1
"2296",1,1,1
"2297",1,2,2
"2298",1,1,1
"2299",1,2,2
"2300",1,2,2
"2301",1,2,2
"2302",1,2,2
"2303",1,1,1
"2304",1,2,2
"2305",1,1,1
"2306",1,2,2
"2307",1,1,1
"2308",1,1,1
"2309",1,2,2
"2310",1,2,2
"2311",1,1,1
"2312",1,2,2
"2313",1,2,2
"2314",1,2,2
"2315",1,2,2
"2316",1,1,1
"2317",1,2,2
"2318",1,2,2
"2319",1,2,2
"2320",1,2,2
"2321",1,2,2
"2322",1,1,1
"2323",1,2,1
"2324",1,1,1
"2325",1,1,1
"2326",1,1,1
"2327",1,1,1
"2328",1,2,2
"2329",1,2,2
"2330",1,1,1
"2331",1,2,2
"2332",1,1,1
"2333",1,1,1
"2334",1,2,2
"2335",1,1,1
"2336",1,2,2
"2337",1,1,1
"2338",1,1,1
"2339",1,2,1
"2340",1,2,2
"2341",1,1,1
"2342",1,2,2
"2343",1,2,2
"2344",1,2,2
"2345",1,2,2
"2346",1,2,2
"2347",1,1,1
"2348",1,2,2
"2349",1,1,1
"2350",1,2,2
"2351",1,2,2
"2352",1,1,1
"2353",1,2,2
"2354",1,1,2
"2355",1,1,1
"2356",1,1,1
"2357",1,2,2
"2358",1,2,2
"2359",1,2,2
"2360",1,2,2
"2361",1,2,2
"2362",1,1,1
"2363",1,1,1
"2364",1,1,1
"2365",1,1,1
"2366",1,2,2
"2367",1,1,1
"2368",1,1,1
"2369",1,2,2
"2370",1,2,2
"2371",1,2,2
"2372",1,2,1
"2373",1,2,2
"2374",1,1,1
"2375",1,2,2
"2376",1,2,2
"2377",1,2,2
"2378",1,1,1
"2379",1,1,1
"2380",1,1,1
"2381",1,1,1
"2382",1,1,1
"2383",1,1,1
"2384",1,2,2
"2385",1,1,1
"2386",1,1,1
"2387",1,1,1
"2388",1,1,1
"2389",1,1,1
"2390",1,1,1
"2391",1,1,1
"2392",1,1,1
"2393",1,2,2
"2394",1,2,2
"2395",1,1,1
"2396",1,2,2
"2397",1,1,1
"2398",1,2,2
"2399",1,2,2
"2400",1,2,2
"2401",1,2,2
"2402",1,2,2
"2403",1,1,1
"2404",1,1,1
"2405",1,2,2
"2406",1,2,2
"2407",1,2,2
"2408",1,2,2
"2409",1,2,2
"2410",1,2,2
"2411",1,1,1
"2412",1,1,1
"2413",1,2,2
"2414",1,1,1
"2415",1,2,2
"2416",1,1,1
"2417",1,2,2
"2418",1,2,2
"2419",1,2,2
"2420",1,1,1
"2421",1,2,2
"2422",1,1,1
"2423",1,1,1
"2424",1,2,2
"2425",1,2,2
"2426",1,1,1
"2427",1,2,2
"2428",1,2,2
"2429",1,2,2
"2430",1,2,2
"2431",1,2,2
"2432",1,1,1
"2433",1,2,2
"2434",1,2,2
"2435",1,2,2
"2436",1,1,1
"2437",1,1,1
"2438",1,2,1
"2439",1,1,1
"2440",1,2,1
"2441",1,2,2
"2442",1,2,2
"2443",1,1,1
"2444",1,1,1
"2445",1,1,2
"2446",1,2,2
"2447",1,2,2
"2448",1,2,2
"2449",1,2,2
"2450",1,2,2
"2451",1,1,1
"2452",1,1,1
"2453",1,1,1
"2454",1,2,2
"2455",1,1,1
"2456",1,2,2
"2457",1,2,2
"2458",1,2,2
"2459",1,2,2
"2460",1,1,1
"2461",1,2,2
"2462",1,2,2
"2463",1,2,2
"2464",1,2,2
"2465",1,2,2
"2466",1,2,2
"2467",1,2,2
"2468",1,2,2
"2469",1,1,2
"2470",1,2,2
"2471",1,1,1
"2472",1,2,2
"2473",1,1,1
"2474",1,2,1
"2475",1,1,1
"2476",1,1,1
"2477",1,2,2
"2478",1,2,2
"2479",1,2,2
"2480",1,1,1
"2481",1,2,2
"2482",1,1,1
"2483",1,2,2
"2484",1,2,2
"2485",1,2,2
"2486",1,2,2
"2487",1,2,2
"2488",1,2,2
"2489",1,1,1
"2490",1,2,2
"2491",1,2,2
"2492",1,2,2
"2493",1,1,1
"2494",1,1,1
"2495",1,1,1
"2496",1,1,1
"2497",1,1,2
"2498",1,1,1
"2499",1,2,2
"2500",1,2,2
"2501",1,2,2
"2502",1,2,2
"2503",1,1,2
"2504",1,2,2
"2505",1,2,2
"2506",1,1,1
"2507",1,2,2
"2508",1,2,2
"2509",1,2,2
"2510",1,2,2
"2511",1,1,1
"2512",1,1,1
"2513",1,1,1
"2514",1,2,2
"2515",1,2,2
"2516",1,2,2
"2517",1,1,1
"2518",1,1,1
"2519",1,1,1
"2520",1,2,2
"2521",1,2,2
"2522",1,2,2
"2523",1,1,1
"2524",1,1,1
"2525",1,1,2
"2526",1,1,1
"2527",1,2,2
"2528",1,1,2
"2529",1,2,2
"2530",1,1,1
"2531",1,1,1
"2532",1,1,1
"2533",1,2,2
"2534",1,2,2
"2535",1,2,2
"2536",1,2,2
"2537",1,1,1
"2538",1,2,2
"2539",1,2,2
"2540",1,2,2
"2541",1,1,1
"2542",1,2,2
"2543",1,1,1
"2544",1,2,2
"2545",1,2,2
"2546",1,2,2
"2547",1,2,2
"2548",1,1,1
"2549",1,1,1
"2550",1,1,1
"2551",1,2,2
"2552",1,2,2
"2553",1,2,2
"2554",1,2,2
"2555",1,2,2
"2556",1,1,2
"2557",1,2,2
"2558",1,2,2
"2559",1,1,1
"2560",1,1,1
"2561",1,2,2
"2562",1,2,2
"2563",1,1,1
"2564",1,1,1
"2565",1,2,2
"2566",1,1,1
"2567",1,2,2
"2568",1,1,2
"2569",1,2,2
"2570",1,2,2
"2571",1,2,2
"2572",1,2,2
"2573",1,2,2
"2574",1,2,2
"2575",1,2,2
"2576",1,2,2
"2577",1,1,1
"2578",1,2,2
"2579",1,2,2
"2580",1,2,2
"2581",1,2,2
"2582",1,1,1
"2583",1,1,1
"2584",1,2,2
"2585",1,1,1
"2586",1,2,1
"2587",1,1,1
"2588",1,2,2
"2589",1,2,2
"2590",1,2,2
"2591",1,2,2
"2592",1,1,1
"2593",1,2,2
"2594",1,2,2
"2595",1,2,2
"2596",1,1,1
"2597",1,2,2
"2598",1,2,2
"2599",1,2,2
"2600",1,2,2
"2601",1,2,2
"2602",1,2,2
"2603",1,2,2
"2604",1,2,2
"2605",1,2,2
"2606",1,2,1
"2607",1,1,1
"2608",1,1,1
"2609",1,1,1
"2610",1,2,2
"2611",1,2,2
"2612",1,2,2
"2613",1,2,2
"2614",1,2,2
"2615",1,2,2
"2616",1,2,2
"2617",1,1,1
"2618",1,2,2
"2619",1,2,2
"2620",1,1,1
"2621",1,1,2
"2622",1,1,1
"2623",1,2,2
"2624",1,2,2
"2625",1,2,2
"2626",1,2,2
"2627",1,2,2
"2628",1,2,2
"2629",1,2,2
"2630",1,2,2
"2631",1,1,1
"2632",1,1,1
"2633",1,2,2
"2634",1,1,1
"2635",1,1,1
"2636",1,2,2
"2637",1,1,1
"2638",1,2,2
"2639",1,1,1
"2640",1,2,2
"2641",1,2,2
"2642",1,1,1
"2643",1,2,2
"2644",1,1,1
"2645",1,1,1
"2646",1,1,1
"2647",1,2,2
"2648",1,1,1
"2649",1,1,1
"2650",1,2,2
"2651",1,2,2
"2652",1,1,1
"2653",1,2,2
"2654",1,2,2
"2655",1,2,2
"2656",1,2,2
"2657",1,2,2
"2658",1,2,2
"2659",1,2,2
"2660",1,1,1
"2661",1,1,1
"2662",1,2,2
"2663",1,2,2
"2664",1,1,1
"2665",1,2,2
"2666",1,2,2
"2667",1,2,2
"2668",1,2,2
"2669",1,2,2
"2670",1,1,2
"2671",1,2,2
"2672",1,2,2
"2673",1,2,2
"2674",1,1,1
"2675",1,2,2
"2676",1,2,2
"2677",1,1,1
"2678",1,2,2
"2679",1,2,2
"2680",1,1,1
"2681",1,2,2
"2682",1,2,2
"2683",1,2,2
"2684",1,1,1
"2685",1,1,1
"2686",1,1,1
"2687",1,2,2
"2688",1,2,2
"2689",1,2,2
"2690",1,2,2
"2691",1,1,1
"2692",1,1,1
"2693",1,2,2
"2694",1,2,2
"2695",1,2,2
"2696",1,2,2
"2697",1,2,2
"2698",1,2,2
"2699",1,2,2
"2700",1,2,2
"2701",1,2,2
"2702",1,1,1
"2703",1,2,2
"2704",1,1,1
"2705",1,2,2
"2706",1,2,1
"2707",1,1,1
"2708",1,1,2
"2709",1,2,2
"2710",1,2,2
"2711",1,2,2
"2712",1,1,1
"2713",1,1,1
"2714",1,2,2
"2715",1,1,1
"2716",1,2,2
"2717",1,2,2
"2718",1,1,1
"2719",1,2,2
"2720",1,2,2
"2721",1,2,2
"2722",1,2,1
"2723",1,1,1
"2724",1,1,1
"2725",1,2,2
"2726",1,1,1
"2727",1,1,1
"2728",1,1,1
"2729",1,1,1
"2730",1,2,2
"2731",1,1,2
"2732",1,2,2
"2733",1,1,1
"2734",1,1,2
"2735",1,2,2
"2736",1,2,2
"2737",1,2,2
"2738",1,1,1
"2739",1,2,2
"2740",1,1,1
"2741",1,2,2
"2742",1,2,2
"2743",1,2,2
"2744",1,1,1
"2745",1,2,2
"2746",1,2,2
"2747",1,2,2
"2748",1,2,2
"2749",1,1,1
"2750",1,1,1
"2751",1,2,2
"2752",1,2,2
"2753",1,2,2
"2754",1,1,1
"2755",1,2,2
"2756",1,1,1
"2757",1,2,1
"2758",1,2,2
"2759",1,1,1
"2760",1,2,2
"2761",1,1,1
"2762",1,2,2
"2763",1,1,1
"2764",1,1,1
"2765",1,2,2
"2766",1,2,2
"2767",1,2,2
"2768",1,2,2
"2769",1,1,1
"2770",1,2,2
"2771",1,2,2
"2772",1,2,2
"2773",1,2,2
"2774",1,2,2
"2775",1,2,2
"2776",1,2,2
"2777",1,2,2
"2778",1,1,1
"2779",1,1,1
"2780",1,2,2
"2781",1,1,2
"2782",1,2,2
"2783",1,2,2
"2784",1,1,1
"2785",1,1,1
"2786",1,1,1
"2787",1,2,2
"2788",1,1,1
"2789",1,1,1
"2790",1,1,1
"2791",1,2,2
"2792",1,2,2
"2793",1,1,1
"2794",1,1,1
"2795",1,1,1
"2796",1,2,2
"2797",1,1,1
"2798",1,2,2
"2799",1,2,2
"2800",1,2,2
"2801",1,2,2
"2802",1,2,2
"2803",1,2,2
"2804",1,2,2
"2805",1,2,2
"2806",1,2,2
"2807",1,2,2
"2808",1,2,2
"2809",1,1,1
"2810",1,2,2
"2811",1,2,2
"2812",1,2,2
"2813",1,2,2
"2814",1,1,1
"2815",1,2,2
"2816",1,1,1
"2817",1,2,2
"2818",1,1,1
"2819",1,2,2
"2820",1,1,1
"2821",1,2,2
"2822",1,2,2
"2823",1,2,2
"2824",1,2,2
"2825",1,2,2
"2826",1,1,1
"2827",1,2,2
"2828",1,1,1
"2829",1,2,2
"2830",1,2,2
"2831",1,2,2
"2832",1,2,2
"2833",1,2,2
"2834",1,2,2
"2835",1,2,2
"2836",1,1,1
"2837",1,1,1
"2838",1,2,2
"2839",1,2,2
"2840",1,1,1
"2841",1,2,2
"2842",1,2,2
"2843",1,2,2
"2844",1,1,1
"2845",1,2,2
"2846",1,2,2
"2847",1,1,1
"2848",1,1,1
"2849",1,2,2
"2850",1,2,2
"2851",1,2,2
"2852",1,2,2
"2853",1,1,1
"2854",1,1,1
"2855",1,1,1
"2856",1,1,1
"2857",1,1,1
"2858",1,1,1
"2859",1,1,1
"2860",1,1,1
"2861",1,2,2
"2862",1,2,2
"2863",1,1,1
"2864",1,1,2
"2865",1,2,2
"2866",1,1,1
"2867",1,1,1
"2868",1,1,1
"2869",1,2,2
"2870",1,2,1
"2871",1,2,2
"2872",1,2,2
"2873",1,1,1
"2874",1,1,1
"2875",1,2,2
"2876",1,1,1
"2877",1,2,2
"2878",1,2,2
"2879",1,2,2
"2880",1,2,2
"2881",1,2,2
"2882",1,1,1
"2883",1,1,1
"2884",1,2,2
"2885",1,1,2
"2886",1,2,2
"2887",1,2,2
"2888",1,2,2
"2889",1,2,2
"2890",1,2,2
"2891",1,2,2
"2892",1,2,2
"2893",1,2,2
"2894",1,2,2
"2895",1,2,2
"2896",1,1,1
"2897",1,2,2
"2898",1,2,2
"2899",1,1,1
"2900",1,2,2
"2901",1,2,1
"2902",1,2,2
"2903",1,2,2
"2904",1,2,2
"2905",1,1,1
"2906",1,2,2
"2907",1,1,1
"2908",1,2,2
"2909",1,2,2
"2910",1,2,2
"2911",1,1,1
"2912",1,2,2
"2913",1,2,2
"2914",1,1,2
"2915",1,1,1
"2916",1,2,2
"2917",1,1,1
"2918",1,2,2
"2919",1,1,1
"2920",1,2,2
"2921",1,1,1
"2922",1,1,1
"2923",1,2,2
"2924",1,2,2
"2925",1,2,2
"2926",1,2,2
"2927",1,2,2
"2928",1,1,1
"2929",1,1,1
"2930",1,2,2
"2931",1,2,2
"2932",1,1,1
"2933",1,2,2
"2934",1,2,2
"2935",1,2,2
"2936",1,2,2
"2937",1,1,1
"2938",1,1,1
"2939",1,1,1
"2940",1,1,1
"2941",1,2,2
"2942",1,2,2
"2943",1,1,1
"2944",1,2,2
"2945",1,1,1
"2946",1,2,2
"2947",1,2,2
"2948",1,2,2
"2949",1,2,2
"2950",1,1,2
"2951",1,1,2
"2952",1,1,1
"2953",1,1,1
"2954",1,2,2
"2955",1,2,2
"2956",1,2,2
"2957",1,2,2
"2958",1,1,1
"2959",1,1,1
"2960",1,2,2
"2961",1,1,1
"2962",1,1,2
"2963",1,1,1
"2964",1,1,1
"2965",1,2,2
"2966",1,2,2
"2967",1,2,2
"2968",1,1,2
"2969",1,2,2
"2970",1,2,2
"2971",1,2,2
"2972",1,2,2
"2973",1,2,2
"2974",1,2,2
"2975",1,1,1
"2976",1,2,2
"2977",1,2,2
"2978",1,1,1
"2979",1,2,2
"2980",1,1,1
"2981",1,2,2
"2982",1,1,1
"2983",1,2,2
"2984",1,2,2
"2985",1,1,1
"2986",1,2,2
"2987",1,2,2
"2988",1,2,2
"2989",1,2,2
"2990",1,2,2
"2991",1,2,2
"2992",1,1,1
"2993",1,1,1
"2994",1,1,1
"2995",1,2,2
"2996",1,2,2
"2997",1,2,2
"2998",1,2,2
"2999",1,1,1
"3000",1,2,2
"3001",1,1,1
"3002",1,2,2
"3003",1,1,1
"3004",1,2,2
"3005",1,2,2
"3006",1,2,2
"3007",1,2,2
"3008",1,2,2
"3009",1,1,1
"3010",1,2,2
"3011",1,2,2
"3012",1,2,2
"3013",1,1,1
"3014",1,2,2
"3015",1,2,2
"3016",1,2,2
"3017",1,1,1
"3018",1,2,2
"3019",1,1,1
"3020",1,2,2
"3021",1,2,2
"3022",1,1,1
"3023",1,2,2
"3024",1,2,2
"3025",1,2,2
"3026",1,2,2
"3027",1,2,2
"3028",1,2,2
"3029",1,1,2
"3030",1,2,2
"3031",1,2,2
"3032",1,2,2
"3033",1,2,2
"3034",1,2,2
"3035",1,2,2
"3036",1,1,1
"3037",1,2,2
"3038",1,1,1
"3039",1,2,2
"3040",1,2,2
"3041",1,2,2
"3042",1,2,2
"3043",1,2,2
"3044",1,1,1
"3045",1,2,2
"3046",1,1,2
"3047",1,2,2
"3048",1,2,2
"3049",1,1,1
"3050",1,2,2
"3051",1,2,2
"3052",1,1,1
"3053",1,2,2
"3054",1,2,2
"3055",1,2,2
"3056",1,2,2
"3057",1,2,2
"3058",1,1,1
"3059",1,2,2
"3060",1,2,2
"3061",1,1,1
"3062",1,1,1
"3063",1,2,2
"3064",1,2,2
"3065",1,2,2
"3066",1,1,1
"3067",1,1,1
"3068",1,1,1
"3069",1,1,1
"3070",1,2,2
"3071",1,2,2
"3072",1,2,2
"3073",1,2,2
"3074",1,1,1
"3075",1,1,2
"3076",1,2,2
"3077",1,1,1
"3078",1,1,1
"3079",1,2,2
"3080",1,2,2
"3081",1,2,2
"3082",1,1,1
"3083",1,2,2
"3084",1,2,2
"3085",1,1,1
"3086",1,2,2
"3087",1,2,2
"3088",1,2,2
"3089",1,1,1
"3090",1,2,2
"3091",1,2,2
"3092",1,1,1
"3093",1,2,1
"3094",1,2,2
"3095",1,2,2
"3096",1,1,1
"3097",1,2,2
"3098",1,2,2
"3099",1,2,2
"3100",1,2,1
"3101",1,1,1
"3102",1,2,1
"3103",1,2,2
"3104",1,2,2
"3105",1,2,2
"3106",1,2,2
"3107",1,2,2
"3108",1,1,2
"3109",1,2,2
"3110",1,2,1
"3111",1,2,2
"3112",1,1,1
"3113",1,2,2
"3114",1,2,2
"3115",1,2,2
"3116",1,2,2
"3117",1,1,1
"3118",1,2,2
"3119",1,1,1
"3120",1,2,2
"3121",1,2,2
"3122",1,1,1
"3123",1,1,1
"3124",1,1,1
"3125",1,1,1
"3126",1,1,2
"3127",1,2,2
"3128",1,1,1
"3129",1,2,2
"3130",1,1,1
"3131",1,1,1
"3132",1,1,1
"3133",1,2,2
"3134",1,1,1
"3135",1,2,2
"3136",1,2,2
"3137",1,2,2
"3138",1,2,2
"3139",1,1,1
"3140",1,1,1
"3141",1,2,2
"3142",1,2,2
"3143",1,1,1
"3144",1,2,2
"3145",1,1,1
"3146",1,1,1
"3147",1,2,2
"3148",1,1,1
"3149",1,2,2
"3150",1,2,2
"3151",1,1,1
"3152",1,2,2
"3153",1,2,2
"3154",1,1,1
"3155",1,1,1
"3156",1,2,2
"3157",1,2,2
"3158",1,2,2
"3159",1,2,2
"3160",1,2,2
"3161",1,1,1
"3162",1,1,1
"3163",1,1,1
"3164",1,1,1
"3165",1,2,2
"3166",1,1,1
"3167",1,2,2
"3168",1,1,1
"3169",1,2,2
"3170",1,2,2
"3171",1,2,2
"3172",1,1,1
"3173",1,1,1
"3174",1,1,2
"3175",1,1,1
"3176",1,1,1
"3177",1,2,2
"3178",1,2,2
"3179",1,2,2
"3180",1,1,1
"3181",1,2,2
"3182",1,1,1
"3183",1,1,2
"3184",1,2,2
"3185",1,2,2
"3186",1,1,1
"3187",1,2,2
"3188",1,1,1
"3189",1,2,2
"3190",1,2,2
"3191",1,1,1
"3192",1,1,1
"3193",1,2,2
"3194",1,2,2
"3195",1,2,2
"3196",1,1,1
"3197",1,2,1
"3198",1,2,2
"3199",1,1,1
"3200",1,2,2
"3201",1,2,2
"3202",1,1,1
"3203",1,2,2
"3204",1,1,1
"3205",1,1,1
"3206",1,2,2
"3207",1,2,2
"3208",1,2,2
"3209",1,1,1
"3210",1,2,2
"3211",1,1,1
"3212",1,2,2
"3213",1,1,1
"3214",1,2,2
"3215",1,2,2
"3216",1,2,2
"3217",1,1,1
"3218",1,2,2
"3219",1,1,1
"3220",1,2,2
"3221",1,1,1
"3222",1,1,1
"3223",1,1,1
"3224",1,2,2
"3225",1,2,2
"3226",1,1,1
"3227",1,2,2
"3228",1,1,1
"3229",1,2,2
"3230",1,1,1
"3231",1,2,2
"3232",1,1,1
"3233",1,1,1
"3234",1,1,1
"3235",1,2,2
"3236",1,2,2
"3237",1,2,2
"3238",1,2,2
"3239",1,2,2
"3240",1,2,2
"3241",1,2,2
"3242",1,2,2
"3243",1,2,2
"3244",1,2,2
"3245",1,1,1
"3246",1,2,2
"3247",1,2,2
"3248",1,1,1
"3249",1,2,2
"3250",1,2,2
"3251",1,1,1
"3252",1,2,1
"3253",1,2,2
"3254",1,2,2
"3255",1,2,2
"3256",1,1,1
"3257",1,1,2
"3258",1,1,1
"3259",1,2,2
"3260",1,2,2
"3261",1,2,2
"3262",1,2,2
"3263",1,1,1
"3264",1,2,2
"3265",1,1,1
"3266",1,2,2
"3267",1,2,2
"3268",1,1,1
"3269",1,2,2
"3270",1,2,2
"3271",1,2,2
"3272",1,2,2
"3273",1,1,1
"3274",1,2,2
"3275",1,1,1
"3276",1,2,2
"3277",1,2,1
"3278",1,2,2
"3279",1,1,1
"3280",1,2,2
"3281",1,1,1
"3282",1,2,2
"3283",1,1,1
"3284",1,2,2
"3285",1,2,2
"3286",1,1,1
"3287",1,2,2
"3288",1,1,1
"3289",1,2,2
"3290",1,2,2
"3291",1,2,2
"3292",1,2,2
"3293",1,2,2
"3294",1,2,2
"3295",1,2,2
"3296",1,2,2
"3297",1,2,2
"3298",1,1,1
"3299",1,1,1
"3300",1,1,1
"3301",1,2,2
"3302",1,2,2
"3303",1,2,2
"3304",1,1,1
"3305",1,1,1
"3306",1,1,1
"3307",1,1,1
"3308",1,1,1
"3309",1,1,2
"3310",1,2,2
"3311",1,1,1
"3312",1,1,1
"3313",1,1,1
"3314",1,1,1
"3315",1,2,2
"3316",1,2,2
"3317",1,1,1
"3318",1,1,1
"3319",1,2,2
"3320",1,1,1
"3321",1,1,1
"3322",1,1,1
"3323",1,2,2
"3324",1,1,1
"3325",1,1,1
"3326",1,1,1
"3327",1,2,2
"3328",1,2,2
"3329",1,2,2
"3330",1,2,2
"3331",1,1,1
"3332",1,2,2
"3333",1,2,2
"3334",1,1,1
"3335",1,2,2
"3336",1,2,2
"3337",1,2,2
"3338",1,1,1
"3339",1,2,2
"3340",1,1,1
"3341",1,2,2
"3342",1,1,1
"3343",1,1,1
"3344",1,2,2
"3345",1,2,2
"3346",1,2,2
"3347",1,1,1
"3348",1,2,2
"3349",1,1,1
"3350",1,2,2
"3351",1,1,1
"3352",1,1,2
"3353",1,1,1
"3354",1,2,2
"3355",1,1,1
"3356",1,1,1
"3357",1,1,1
"3358",1,1,2
"3359",1,2,2
"3360",1,2,2
"3361",1,2,2
"3362",1,2,2
"3363",1,2,2
"3364",1,2,2
"3365",1,2,2
"3366",1,2,2
"3367",1,2,2
"3368",1,1,1
"3369",1,2,2
"3370",1,2,2
"3371",1,2,2
"3372",1,2,2
"3373",1,1,1
"3374",1,2,2
"3375",1,2,2
"3376",1,1,1
"3377",1,2,2
"3378",1,1,1
"3379",1,2,2
"3380",1,2,2
"3381",1,1,1
"3382",1,2,2
"3383",1,2,2
"3384",1,2,2
"3385",1,1,2
"3386",1,2,2
"3387",1,2,2
"3388",1,2,2
"3389",1,1,1
"3390",1,2,1
"3391",1,2,2
"3392",1,2,2
"3393",1,1,1
"3394",1,2,2
"3395",1,2,2
"3396",1,2,2
"3397",1,2,2
"3398",1,2,2
"3399",1,2,2
"3400",1,1,1
"3401",1,2,2
"3402",1,1,1
"3403",1,2,2
"3404",1,1,1
"3405",1,1,1
"3406",1,2,2
"3407",1,1,1
"3408",1,2,2
"3409",1,2,2
"3410",1,1,2
"3411",1,1,1
"3412",1,1,1
"3413",1,1,1
"3414",1,2,2
"3415",1,1,1
"3416",1,2,2
"3417",1,2,2
"3418",1,1,1
"3419",1,1,1
"3420",1,2,2
"3421",1,2,2
"3422",1,2,2
"3423",1,2,1
"3424",1,2,2
"3425",1,2,2
"3426",1,2,2
"3427",1,2,2
"3428",1,2,2
"3429",1,1,1
"3430",1,2,2
"3431",1,2,2
"3432",1,1,1
"3433",1,2,2
"3434",1,2,2
"3435",1,1,1
"3436",1,1,1
"3437",1,2,2
"3438",1,2,2
"3439",1,2,2
"3440",1,2,2
"3441",1,2,2
"3442",1,1,1
"3443",1,1,1
"3444",1,2,2
"3445",1,1,1
"3446",1,2,2
"3447",1,2,2
"3448",1,1,1
"3449",1,1,1
"3450",1,2,2
"3451",1,2,2
"3452",1,2,1
"3453",1,2,2
"3454",1,2,2
"3455",1,1,2
"3456",1,1,2
"3457",1,2,2
"3458",1,1,1
"3459",1,2,2
"3460",1,1,1
"3461",1,1,2
"3462",1,2,2
"3463",1,2,2
"3464",1,2,2
"3465",1,2,2
"3466",1,2,2
"3467",1,2,2
"3468",1,2,2
"3469",1,2,2
"3470",1,1,1
"3471",1,1,1
"3472",1,2,2
"3473",1,2,2
"3474",1,1,1
"3475",1,1,2
"3476",1,1,1
"3477",1,2,2
"3478",1,1,1
"3479",1,1,1
"3480",1,2,2
"3481",1,2,2
"3482",1,2,2
"3483",1,2,2
"3484",1,1,1
"3485",1,2,1
"3486",1,2,2
"3487",1,1,1
"3488",1,1,1
"3489",1,1,1
"3490",1,1,1
"3491",1,1,1
"3492",1,2,2
"3493",1,1,1
"3494",1,1,1
"3495",1,2,2
"3496",1,1,1
"3497",1,2,2
"3498",1,2,2
"3499",1,1,1
"3500",1,2,2
"3501",1,2,2
"3502",1,2,2
"3503",1,2,2
"3504",1,1,1
"3505",1,2,2
"3506",1,2,2
"3507",1,2,2
"3508",1,1,1
"3509",1,2,2
"3510",1,2,2
"3511",1,2,2
"3512",1,2,2
"3513",1,1,1
"3514",1,2,2
"3515",1,2,2
"3516",1,2,2
"3517",1,2,2
"3518",1,2,2
"3519",1,1,2
"3520",1,2,2
"3521",1,2,2
"3522",1,2,2
"3523",1,2,2
"3524",1,2,2
"3525",1,1,1
"3526",1,1,1
"3527",1,1,1
"3528",1,2,2
"3529",1,2,2
"3530",1,2,2
"3531",1,2,2
"3532",1,2,2
"3533",1,2,2
"3534",1,2,2
"3535",1,2,2
"3536",1,2,2
"3537",1,2,2
"3538",1,1,1
"3539",1,1,1
"3540",1,2,2
"3541",1,2,2
"3542",1,2,2
"3543",1,2,2
"3544",1,2,2
"3545",1,2,2
"3546",1,1,1
"3547",1,2,2
"3548",1,2,2
"3549",1,2,2
"3550",1,2,1
"3551",1,2,2
"3552",1,2,2
"3553",1,2,2
"3554",1,2,2
"3555",1,2,2
"3556",1,1,1
"3557",1,2,2
"3558",1,2,2
"3559",1,2,2
"3560",1,1,1
"3561",1,2,2
"3562",1,2,2
"3563",1,2,2
"3564",1,2,2
"3565",1,1,2
"3566",1,1,2
"3567",1,2,2
"3568",1,1,1
"3569",1,2,2
"3570",1,2,2
"3571",1,1,1
"3572",1,2,2
"3573",1,1,1
"3574",1,2,2
"3575",1,1,2
"3576",1,2,2
"3577",1,2,2
"3578",1,1,1
"3579",1,2,2
"3580",1,2,2
"3581",1,1,1
"3582",1,2,2
"3583",1,2,2
"3584",1,2,2
"3585",1,2,2
"3586",1,2,2
"3587",1,2,2
"3588",1,2,2
"3589",1,1,1
"3590",1,1,2
"3591",1,2,2
"3592",1,2,2
"3593",1,2,2
"3594",1,2,2
"3595",1,2,2
"3596",1,1,1
"3597",1,1,1
"3598",1,1,2
"3599",1,1,1
"3600",1,2,2
"3601",1,2,2
"3602",1,2,2
"3603",1,2,2
"3604",1,1,1
"3605",1,1,1
"3606",1,2,2
"3607",1,2,2
"3608",1,1,1
"3609",1,2,2
"3610",1,1,1
"3611",1,2,2
"3612",1,2,2
"3613",1,1,2
"3614",1,1,1
"3615",1,1,1
"3616",1,1,2
"3617",1,2,2
"3618",1,1,1
"3619",1,1,1
"3620",1,2,2
"3621",1,2,2
"3622",1,2,2
"3623",1,1,1
"3624",1,2,2
"3625",1,1,1
"3626",1,2,2
"3627",1,2,2
"3628",1,2,2
"3629",1,2,2
"3630",1,1,1
"3631",1,2,2
"3632",1,2,2
"3633",1,2,2
"3634",1,1,2
"3635",1,2,2
"3636",1,1,1
"3637",1,2,2
"3638",1,2,2
"3639",1,2,2
"3640",1,2,2
"3641",1,2,2
"3642",1,1,1
"3643",1,2,2
"3644",1,2,2
"3645",1,2,2
"3646",1,1,1
"3647",1,2,2
"3648",1,2,2
"3649",1,1,1
"3650",1,2,2
"3651",1,1,1
"3652",1,2,2
"3653",1,2,2
"3654",1,1,1
"3655",1,1,1
"3656",1,2,2
"3657",1,2,2
"3658",1,2,2
"3659",1,2,2
"3660",1,2,2
"3661",1,1,1
"3662",1,2,2
"3663",1,1,1
"3664",1,2,2
"3665",1,2,2
"3666",1,1,1
"3667",1,1,1
"3668",1,2,2
"3669",1,2,2
"3670",1,1,1
"3671",1,2,2
"3672",1,1,1
"3673",1,2,2
"3674",1,2,2
"3675",1,1,1
"3676",1,1,1
"3677",1,1,1
"3678",1,1,1
"3679",1,1,1
"3680",1,1,1
"3681",1,2,2
"3682",1,1,1
"3683",1,1,1
"3684",1,1,1
"3685",1,1,1
"3686",1,2,2
"3687",1,1,1
"3688",1,2,1
"3689",1,2,2
"3690",1,1,2
"3691",1,2,2
"3692",1,1,1
"3693",1,1,2
"3694",1,1,1
"3695",1,2,2
"3696",1,2,2
"3697",1,1,1
"3698",1,2,2
"3699",1,1,1
"3700",1,2,2
"3701",1,1,1
"3702",1,1,1
"3703",1,1,1
"3704",1,2,2
"3705",1,1,1
"3706",1,1,1
"3707",1,2,2
"3708",1,2,2
"3709",1,2,2
"3710",1,2,2
"3711",1,1,1
"3712",1,2,2
"3713",1,1,1
"3714",1,2,1
"3715",1,1,1
"3716",1,2,2
"3717",1,2,2
"3718",1,2,2
"3719",1,1,1
"3720",1,1,1
"3721",1,2,2
"3722",1,2,2
"3723",1,2,2
"3724",1,2,2
"3725",1,1,2
"3726",1,2,2
"3727",1,1,1
"3728",1,1,1
"3729",1,2,2
"3730",1,2,2
"3731",1,2,2
"3732",1,2,2
"3733",1,2,2
"3734",1,2,2
"3735",1,2,2
"3736",1,2,2
"3737",1,2,2
"3738",1,2,2
"3739",1,2,2
"3740",1,1,1
"3741",1,2,2
"3742",1,2,2
"3743",1,2,2
"3744",1,2,2
"3745",1,2,2
"3746",1,1,1
"3747",1,2,2
"3748",1,2,2
"3749",1,2,2
"3750",1,1,1
"3751",1,2,2
"3752",1,2,2
"3753",1,2,2
"3754",1,1,1
"3755",1,2,2
"3756",1,1,1
"3757",1,1,1
"3758",1,2,2
"3759",1,2,2
"3760",1,2,2
"3761",1,2,2
"3762",1,2,2
"3763",1,1,1
"3764",1,2,2
"3765",1,1,1
"3766",1,2,2
"3767",1,1,1
"3768",1,1,1
"3769",1,2,2
"3770",1,1,1
"3771",1,1,1
"3772",1,2,2
"3773",1,1,1
"3774",1,2,2
"3775",1,1,1
"3776",1,1,1
"3777",1,1,1
"3778",1,1,1
"3779",1,2,2
"3780",1,2,2
"3781",1,2,2
"3782",1,2,2
"3783",1,1,1
"3784",1,2,2
"3785",1,1,1
"3786",1,2,2
"3787",1,1,1
"3788",1,1,1
"3789",1,1,1
"3790",1,2,2
"3791",1,1,1
"3792",1,2,2
"3793",1,2,2
"3794",1,2,2
"3795",1,2,2
"3796",1,1,1
"3797",1,1,1
"3798",1,2,2
"3799",1,2,2
"3800",1,1,1
"3801",1,1,1
"3802",1,2,2
"3803",1,2,2
"3804",1,1,1
"3805",1,1,1
"3806",1,2,2
"3807",1,2,2
"3808",1,2,2
"3809",1,1,1
"3810",1,2,2
"3811",1,2,2
"3812",1,1,1
"3813",1,2,2
"3814",1,2,2
"3815",1,2,2
"3816",1,1,1
"3817",1,2,2
"3818",1,2,2
"3819",1,2,2
"3820",1,1,1
"3821",1,1,1
"3822",1,1,1
"3823",1,2,2
"3824",1,2,2
"3825",1,1,1
"3826",1,2,2
"3827",1,2,2
"3828",1,2,2
"3829",1,2,2
"3830",1,2,2
"3831",1,1,1
"3832",1,2,2
"3833",1,1,2
"3834",1,2,2
"3835",1,2,2
"3836",1,2,2
"3837",1,1,1
"3838",1,1,1
"3839",1,2,2
"3840",1,1,1
"3841",1,2,2
"3842",1,1,1
"3843",1,2,2
"3844",1,1,1
"3845",1,2,2
"3846",1,2,2
"3847",1,2,2
"3848",1,1,2
"3849",1,2,2
"3850",1,1,1
"3851",1,1,1
"3852",1,1,1
"3853",1,1,1
"3854",1,1,1
"3855",1,2,2
"3856",1,2,2
"3857",1,2,2
"3858",1,2,2
"3859",1,2,2
"3860",1,1,1
"3861",1,2,2
"3862",1,2,2
"3863",1,2,2
"3864",1,1,1
"3865",1,2,2
"3866",1,2,2
"3867",1,2,2
"3868",1,1,1
"3869",1,2,2
"3870",1,1,1
"3871",1,1,1
"3872",1,1,1
"3873",1,2,2
"3874",1,1,1
"3875",1,1,1
"3876",1,2,2
"3877",1,1,1
"3878",1,1,1
"3879",1,2,2
"3880",1,2,2
"3881",1,2,2
"3882",1,1,1
"3883",1,2,2
"3884",1,1,1
"3885",1,1,1
"3886",1,1,1
"3887",1,1,1
"3888",1,1,1
"3889",1,1,1
"3890",1,2,2
"3891",1,2,2
"3892",1,1,2
"3893",1,2,2
"3894",1,2,2
"3895",1,2,2
"3896",1,1,1
"3897",1,2,2
"3898",1,1,1
"3899",1,2,2
"3900",1,2,2
"3901",1,2,2
"3902",1,2,2
"3903",1,2,2
"3904",1,1,1
"3905",1,2,2
"3906",1,2,1
"3907",1,2,2
"3908",1,2,2
"3909",1,2,2
"3910",1,2,2
"3911",1,2,2
"3912",1,2,2
"3913",1,1,1
"3914",1,2,2
"3915",1,1,2
"3916",1,2,2
"3917",1,1,1
"3918",1,2,2
"3919",1,1,1
"3920",1,2,2
"3921",1,1,1
"3922",1,2,2
"3923",1,2,2
"3924",1,2,2
"3925",1,2,2
"3926",1,2,2
"3927",1,2,2
"3928",1,1,1
"3929",1,2,2
"3930",1,1,2
"3931",1,2,2
"3932",1,2,2
"3933",1,2,2
"3934",1,1,1
"3935",1,1,1
"3936",1,1,1
"3937",1,1,1
"3938",1,1,1
"3939",1,2,2
"3940",1,2,2
"3941",1,1,1
"3942",1,1,1
"3943",1,2,2
"3944",1,2,2
"3945",1,1,1
"3946",1,1,1
"3947",1,1,1
"3948",1,2,2
"3949",1,2,2
"3950",1,2,2
"3951",1,1,1
"3952",1,1,1
"3953",1,1,1
"3954",1,2,2
"3955",1,2,2
"3956",1,1,1
"3957",1,1,1
"3958",1,1,1
"3959",1,2,2
"3960",1,2,2
"3961",1,2,2
"3962",1,2,2
"3963",1,2,2
"3964",1,1,1
"3965",1,2,2
"3966",1,1,1
"3967",1,2,2
"3968",1,2,2
"3969",1,2,2
"3970",1,2,2
"3971",1,2,2
"3972",1,1,1
"3973",1,1,1
"3974",1,2,2
"3975",1,1,2
"3976",1,1,1
"3977",1,1,1
"3978",1,1,1
"3979",1,1,1
"3980",1,1,1
"3981",1,2,2
"3982",1,1,1
"3983",1,2,2
"3984",1,2,2
"3985",1,1,1
"3986",1,2,2
"3987",1,2,2
"3988",1,1,2
"3989",1,1,1
"3990",1,1,1
"3991",1,2,2
"3992",1,2,2
"3993",1,1,1
"3994",1,2,2
"3995",1,2,2
"3996",1,1,1
"3997",1,2,2
"3998",1,2,2
"3999",1,2,2
"4000",1,2,2
"4001",1,2,2
"4002",1,1,1
"4003",1,2,2
"4004",1,2,2
"4005",1,2,2
"4006",1,1,1
"4007",1,2,2
"4008",1,2,2
"4009",1,2,2
"4010",1,2,2
"4011",1,1,1
"4012",1,2,2
"4013",1,1,1
"4014",1,1,1
"4015",1,2,2
"4016",1,2,2
"4017",1,2,2
"4018",1,1,1
"4019",1,1,1
"4020",1,1,1
"4021",1,2,2
"4022",1,2,2
"4023",1,2,2
"4024",1,1,1
"4025",1,2,2
"4026",1,1,1
"4027",1,2,2
"4028",1,2,2
"4029",1,2,2
"4030",1,1,1
"4031",1,1,1
"4032",1,1,1
"4033",1,2,2
"4034",1,2,2
"4035",1,2,2
"4036",1,1,1
"4037",1,2,2
"4038",1,2,2
"4039",1,2,2
"4040",1,1,1
"4041",1,2,2
"4042",1,1,1
"4043",1,2,2
"4044",1,1,1
"4045",1,1,1
"4046",1,2,2
"4047",1,2,2
"4048",1,2,2
"4049",1,2,2
"4050",1,1,1
"4051",1,1,1
"4052",1,2,2
"4053",1,2,2
"4054",1,1,1
"4055",1,1,1
"4056",1,2,2
"4057",1,2,2
"4058",1,2,2
"4059",1,1,1
"4060",1,1,1
"4061",1,2,2
"4062",1,1,1
"4063",1,1,1
"4064",1,1,1
"4065",1,2,2
"4066",1,2,2
"4067",1,1,1
"4068",1,2,2
"4069",1,1,1
"4070",1,2,2
"4071",1,1,1
"4072",1,2,2
"4073",1,2,2
"4074",1,2,2
"4075",1,1,1
"4076",1,1,1
"4077",1,1,1
"4078",1,2,2
"4079",1,2,2
"4080",1,2,2
"4081",1,2,2
"4082",1,2,2
"4083",1,2,2
"4084",1,2,2
"4085",1,1,1
"4086",1,1,1
"4087",1,1,1
"4088",1,2,2
"4089",1,2,2
"4090",1,2,2
"4091",1,1,1
"4092",1,2,2
"4093",1,1,1
"4094",1,2,2
"4095",1,2,2
"4096",1,1,1
"4097",1,1,1
"4098",1,2,2
"4099",1,1,1
"4100",1,2,2
"4101",1,2,2
"4102",1,1,1
"4103",1,1,1
"4104",1,2,2
"4105",1,2,2
"4106",1,1,1
"4107",1,2,2
"4108",1,2,2
"4109",1,1,1
"4110",1,1,1
"4111",1,1,1
"4112",1,1,1
"4113",1,2,2
"4114",1,2,2
"4115",1,1,1
"4116",1,2,2
"4117",1,1,2
"4118",1,1,1
"4119",1,2,2
"4120",1,2,2
"4121",1,1,1
"4122",1,1,1
"4123",1,2,2
"4124",1,1,1
"4125",1,1,1
"4126",1,2,2
"4127",1,2,2
"4128",1,2,2
"4129",1,1,1
"4130",1,2,2
"4131",1,1,1
"4132",1,2,2
"4133",1,2,2
"4134",1,1,1
"4135",1,2,2
"4136",1,2,2
"4137",1,2,2
"4138",1,2,2
"4139",1,1,1
"4140",1,1,1
"4141",1,1,1
"4142",1,1,1
"4143",1,1,1
"4144",1,2,2
"4145",1,2,2
"4146",1,1,1
"4147",1,2,2
"4148",1,2,2
"4149",1,2,2
"4150",1,2,2
"4151",1,2,2
"4152",1,2,2
"4153",1,2,2
"4154",1,1,2
"4155",1,2,2
"4156",1,2,2
"4157",1,1,1
"4158",1,1,1
"4159",1,2,2
"4160",1,2,2
"4161",1,2,2
"4162",1,1,1
"4163",1,2,2
"4164",1,1,1
"4165",1,2,2
"4166",1,2,2
"4167",1,1,1
"4168",1,1,1
"4169",1,2,2
"4170",1,1,1
"4171",1,2,2
"4172",1,2,2
"4173",1,1,1
"4174",1,2,2
"4175",1,2,2
"4176",1,1,1
"4177",1,2,2
"4178",1,1,1
"4179",1,2,2
"4180",1,2,2
"4181",1,2,2
"4182",1,2,2
"4183",1,2,2
"4184",1,1,1
"4185",1,1,2
"4186",1,2,2
"4187",1,2,2
"4188",1,1,1
"4189",1,2,2
"4190",1,2,2
"4191",1,2,2
"4192",1,2,2
"4193",1,2,2
"4194",1,2,2
"4195",1,2,2
"4196",1,1,1
"4197",1,2,2
"4198",1,2,2
"4199",1,2,2
"4200",1,2,2
"4201",1,2,2
"4202",1,2,2
"4203",1,1,1
"4204",1,2,2
"4205",1,2,2
"4206",1,2,2
"4207",1,1,1
"4208",1,1,2
"4209",1,1,1
"4210",1,2,2
"4211",1,2,2
"4212",1,1,1
"4213",1,1,1
"4214",1,2,2
"4215",1,2,2
"4216",1,2,2
"4217",1,2,2
"4218",1,1,1
"4219",1,2,2
"4220",1,2,2
"4221",1,2,2
"4222",1,1,1
"4223",1,2,2
"4224",1,2,2
"4225",1,2,1
"4226",1,2,2
"4227",1,1,1
"4228",1,1,1
"4229",1,2,2
"4230",1,2,2
"4231",1,2,2
"4232",1,2,2
"4233",1,1,1
"4234",1,2,2
"4235",1,2,2
"4236",1,2,2
"4237",1,1,1
"4238",1,1,1
"4239",1,2,2
"4240",1,2,2
"4241",1,2,2
"4242",1,2,2
"4243",1,2,2
"4244",1,2,1
"4245",1,1,1
"4246",1,2,2
"4247",1,2,2
"4248",1,2,2
"4249",1,2,2
"4250",1,2,2
"4251",1,1,1
"4252",1,1,1
"4253",1,2,2
"4254",1,2,2
"4255",1,1,1
"4256",1,2,2
"4257",1,2,2
"4258",1,1,1
"4259",1,1,1
"4260",1,1,1
"4261",1,2,2
"4262",1,2,2
"4263",1,2,2
"4264",1,1,1
"4265",1,2,2
"4266",1,2,2
"4267",1,2,2
"4268",1,2,2
"4269",1,1,1
"4270",1,1,1
"4271",1,1,1
"4272",1,2,2
"4273",1,2,2
"4274",1,2,2
"4275",1,2,2
"4276",1,2,2
"4277",1,2,2
"4278",1,2,2
"4279",1,1,1
"4280",1,2,2
"4281",1,2,2
"4282",1,2,2
"4283",1,2,2
"4284",1,2,2
"4285",1,2,2
"4286",1,2,2
"4287",1,2,2
"4288",1,1,1
"4289",1,1,2
"4290",1,1,1
"4291",1,2,2
"4292",1,2,2
"4293",1,2,2
"4294",1,2,2
"4295",1,2,2
"4296",1,2,2
"4297",1,2,2
"4298",1,2,2
"4299",1,2,2
"4300",1,2,2
"4301",1,1,1
"4302",1,1,1
"4303",1,2,2
"4304",1,1,1
"4305",1,1,2
"4306",1,2,2
"4307",1,2,2
"4308",1,2,2
"4309",1,2,2
"4310",1,1,1
"4311",1,2,2
"4312",1,1,1
"4313",1,2,2
"4314",1,1,1
"4315",1,1,1
"4316",1,1,1
"4317",1,2,2
"4318",1,2,2
"4319",1,2,2
"4320",1,2,2
"4321",1,1,1
"4322",1,1,1
"4323",1,2,2
"4324",1,1,1
"4325",1,2,2
"4326",1,2,2
"4327",1,2,1
"4328",1,1,1
"4329",1,2,2
"4330",1,1,1
"4331",1,2,1
"4332",1,2,2
"4333",1,2,2
"4334",1,2,2
"4335",1,1,1
"4336",1,2,2
"4337",1,2,2
"4338",1,1,1
"4339",1,2,2
"4340",1,1,1
"4341",1,1,1
"4342",1,2,2
"4343",1,2,2
"4344",1,1,1
"4345",1,2,2
"4346",1,2,2
"4347",1,2,2
"4348",1,2,2
"4349",1,2,2
"4350",1,2,2
"4351",1,1,1
"4352",1,1,1
"4353",1,1,1
"4354",1,2,2
"4355",1,2,2
"4356",1,1,1
"4357",1,2,2
"4358",1,2,2
"4359",1,2,2
"4360",1,1,1
"4361",1,1,2
"4362",1,2,2
"4363",1,1,1
"4364",1,2,2
"4365",1,2,2
"4366",1,2,2
"4367",1,1,1
"4368",1,1,1
"4369",1,1,1
"4370",1,1,1
"4371",1,2,2
"4372",1,2,2
"4373",1,1,1
"4374",1,2,2
"4375",1,2,2
"4376",1,2,2
"4377",1,2,2
"4378",1,1,1
"4379",1,1,1
"4380",1,1,1
"4381",1,1,1
"4382",1,2,2
"4383",1,1,1
"4384",1,2,2
"4385",1,2,2
"4386",1,2,2
"4387",1,2,2
"4388",1,2,2
"4389",1,1,1
"4390",1,2,2
"4391",1,1,1
"4392",1,2,2
"4393",1,2,1
"4394",1,2,2
"4395",1,1,1
"4396",1,2,2
"4397",1,2,2
"4398",1,1,1
"4399",1,2,2
"4400",1,2,2
"4401",1,2,2
"4402",1,2,2
"4403",1,1,1
"4404",1,1,1
"4405",1,2,2
"4406",1,2,2
"4407",1,2,2
"4408",1,1,1
"4409",1,2,2
"4410",1,2,2
"4411",1,2,2
"4412",1,1,1
"4413",1,2,2
"4414",1,2,2
"4415",1,1,1
"4416",1,2,2
"4417",1,2,2
"4418",1,1,2
"4419",1,2,2
"4420",1,1,2
"4421",1,2,2
"4422",1,1,1
"4423",1,1,2
"4424",1,2,2
"4425",1,1,1
"4426",1,2,2
"4427",1,1,1
"4428",1,1,1
"4429",1,2,2
"4430",1,2,2
"4431",1,1,1
"4432",1,2,2
"4433",1,1,1
"4434",1,2,2
"4435",1,1,1
"4436",1,1,1
"4437",1,2,2
"4438",1,2,1
"4439",1,2,2
"4440",1,1,1
"4441",1,2,2
"4442",1,2,2
"4443",1,2,2
"4444",1,1,1
"4445",1,1,1
"4446",1,1,1
"4447",1,2,2
"4448",1,2,2
"4449",1,2,2
"4450",1,2,2
"4451",1,1,1
"4452",1,1,1
"4453",1,2,2
"4454",1,2,2
"4455",1,1,1
"4456",1,2,2
"4457",1,2,2
"4458",1,1,1
"4459",1,2,2
"4460",1,2,2
"4461",1,1,1
"4462",1,2,1
"4463",1,2,2
"4464",1,1,1
"4465",1,1,1
"4466",1,2,2
"4467",1,2,2
"4468",1,2,2
"4469",1,2,2
"4470",1,1,2
"4471",1,1,1
"4472",1,2,2
"4473",1,2,2
"4474",1,2,2
"4475",1,2,2
"4476",1,2,2
"4477",1,1,1
"4478",1,1,1
"4479",1,1,1
"4480",1,2,2
"4481",1,1,1
"4482",1,2,2
"4483",1,2,2
"4484",1,1,1
"4485",1,1,1
"4486",1,1,1
"4487",1,1,1
"4488",1,2,2
"4489",1,1,1
"4490",1,1,1
"4491",1,2,2
"4492",1,1,1
"4493",1,1,1
"4494",1,2,2
"4495",1,1,1
"4496",1,2,2
"4497",1,2,2
"4498",1,1,1
"4499",1,2,2
"4500",1,2,2
"4501",1,2,2
"4502",1,1,1
"4503",1,2,2
"4504",1,2,2
"4505",1,2,2
"4506",1,2,2
"4507",1,1,1
"4508",1,1,1
"4509",1,1,1
"4510",1,2,2
"4511",1,2,2
"4512",1,2,2
"4513",1,1,1
"4514",1,1,1
"4515",1,2,2
"4516",1,2,2
"4517",1,2,2
"4518",1,2,2
"4519",1,2,2
"4520",1,2,2
"4521",1,1,1
"4522",1,2,2
"4523",1,1,1
"4524",1,2,2
"4525",1,1,1
"4526",1,1,1
"4527",1,2,2
"4528",1,1,1
"4529",1,2,2
"4530",1,1,1
"4531",1,2,2
"4532",1,2,2
"4533",1,1,1
"4534",1,1,1
"4535",1,2,2
"4536",1,2,2
"4537",1,1,1
"4538",1,2,2
"4539",1,1,1
"4540",1,2,2
"4541",1,2,2
"4542",1,2,1
"4543",1,1,1
"4544",1,1,1
"4545",1,2,2
"4546",1,2,2
"4547",1,2,2
"4548",1,2,2
"4549",1,2,2
"4550",1,2,2
"4551",1,1,1
"4552",1,2,2
"4553",1,1,1
"4554",1,1,1
"4555",1,2,2
"4556",1,2,2
"4557",1,2,2
"4558",1,1,1
"4559",1,1,1
"4560",1,2,2
"4561",1,2,2
"4562",1,1,1
"4563",1,2,2
"4564",1,2,2
"4565",1,1,1
"4566",1,2,2
"4567",1,1,1
"4568",1,1,1
"4569",1,1,1
"4570",1,1,1
"4571",1,2,2
"4572",1,1,1
"4573",1,2,2
"4574",1,1,2
"4575",1,2,2
"4576",1,1,1
"4577",1,2,2
"4578",1,2,2
"4579",1,1,1
"4580",1,1,1
"4581",1,1,1
"4582",1,2,2
"4583",1,2,2
"4584",1,2,2
"4585",1,1,1
"4586",1,1,1
"4587",1,1,1
"4588",1,1,1
"4589",1,1,1
"4590",1,1,1
"4591",1,2,2
"4592",1,2,2
"4593",1,2,2
"4594",1,2,2
"4595",1,1,1
"4596",1,1,1
"4597",1,2,2
"4598",1,1,1
"4599",1,2,2
"4600",1,1,1
"4601",1,2,2
"4602",1,2,2
"4603",1,2,2
"4604",1,2,2
"4605",1,1,1
"4606",1,2,2
"4607",1,2,2
"4608",1,2,2
"4609",1,2,2
"4610",1,2,2
"4611",1,1,1
"4612",1,1,1
"4613",1,1,1
"4614",1,2,2
"4615",1,2,2
"4616",1,2,2
"4617",1,2,2
"4618",1,2,2
"4619",1,2,2
"4620",1,1,1
"4621",1,2,2
"4622",1,1,1
"4623",1,1,1
"4624",1,2,2
"4625",1,2,2
"4626",1,1,1
"4627",1,1,1
"4628",1,2,2
"4629",1,2,2
"4630",1,2,2
"4631",1,1,1
"4632",1,1,1
"4633",1,2,2
"4634",1,2,2
"4635",1,1,1
"4636",1,2,2
"4637",1,1,1
"4638",1,2,2
"4639",1,2,2
"4640",1,2,2
"4641",1,2,2
"4642",1,2,2
"4643",1,1,1
"4644",1,2,2
"4645",1,1,1
"4646",1,2,2
"4647",1,2,2
"4648",1,1,1
"4649",1,1,1
"4650",1,2,2
"4651",1,2,2
"4652",1,2,2
"4653",1,1,1
"4654",1,1,1
"4655",1,2,2
"4656",1,1,1
"4657",1,2,2
"4658",1,1,1
"4659",1,2,2
"4660",1,1,1
"4661",1,1,1
"4662",1,2,2
"4663",1,2,2
"4664",1,2,2
"4665",1,2,2
"4666",1,2,2
"4667",1,1,1
"4668",1,1,1
"4669",1,1,1
"4670",1,1,1
"4671",1,2,2
"4672",1,1,2
"4673",1,1,1
"4674",1,2,2
"4675",1,1,1
"4676",1,2,2
"4677",1,1,1
"4678",1,1,1
"4679",1,2,2
"4680",1,2,2
"4681",1,1,1
"4682",1,2,2
"4683",1,2,2
"4684",1,2,2
"4685",1,1,1
"4686",1,2,2
"4687",1,2,2
"4688",1,1,1
"4689",1,1,2
"4690",1,2,2
"4691",1,2,2
"4692",1,2,2
"4693",1,2,2
"4694",1,1,2
"4695",1,2,2
"4696",1,2,2
"4697",1,2,2
"4698",1,1,1
"4699",1,2,2
"4700",1,1,1
"4701",1,1,1
"4702",1,2,2
"4703",1,2,2
"4704",1,2,2
"4705",1,1,2
"4706",1,1,1
"4707",1,1,2
"4708",1,1,1
"4709",1,2,2
"4710",1,1,1
"4711",1,2,2
"4712",1,2,2
"4713",1,2,2
"4714",1,2,2
"4715",1,1,1
"4716",1,2,2
"4717",1,1,1
"4718",1,2,2
"4719",1,2,2
"4720",1,2,2
"4721",1,1,1
"4722",1,2,2
"4723",1,2,2
"4724",1,2,2
"4725",1,2,2
"4726",1,2,2
"4727",1,2,2
"4728",1,1,1
"4729",1,2,2
"4730",1,1,1
"4731",1,2,2
"4732",1,2,2
"4733",1,2,2
"4734",1,2,2
"4735",1,2,2
"4736",1,1,1
"4737",1,2,2
"4738",1,2,1
"4739",1,1,1
"4740",1,1,1
"4741",1,1,2
"4742",1,2,1
"4743",1,1,1
"4744",1,2,2
"4745",1,2,2
"4746",1,2,2
"4747",1,2,2
"4748",1,1,1
"4749",1,1,1
"4750",1,2,2
"4751",1,2,2
"4752",1,2,2
"4753",1,2,2
"4754",1,1,1
"4755",1,2,2
"4756",1,2,2
"4757",1,1,2
"4758",1,2,2
"4759",1,2,2
"4760",1,1,1
"4761",1,2,2
"4762",1,2,2
"4763",1,1,1
"4764",1,1,1
"4765",1,2,2
"4766",1,2,2
"4767",1,1,1
"4768",1,1,1
"4769",1,1,1
"4770",1,2,2
"4771",1,2,2
"4772",1,1,1
"4773",1,2,2
"4774",1,1,1
"4775",1,2,2
"4776",1,2,1
"4777",1,1,1
"4778",1,2,1
"4779",1,2,2
"4780",1,1,1
"4781",1,2,2
"4782",1,2,2
"4783",1,1,1
"4784",1,2,2
"4785",1,2,2
"4786",1,1,1
"4787",1,2,2
"4788",1,1,1
"4789",1,2,2
"4790",1,2,2
"4791",1,2,2
"4792",1,1,1
"4793",1,2,2
"4794",1,1,1
"4795",1,2,2
"4796",1,1,1
"4797",1,1,1
"4798",1,1,1
"4799",1,1,1
"4800",1,1,1
"4801",1,2,2
"4802",1,2,2
"4803",1,1,1
"4804",1,2,2
"4805",1,1,1
"4806",1,2,2
"4807",1,2,1
"4808",1,1,1
"4809",1,2,2
"4810",1,2,2
"4811",1,1,1
"4812",1,2,2
"4813",1,2,2
"4814",1,1,1
"4815",1,2,2
"4816",1,2,2
"4817",1,2,2
"4818",1,1,1
"4819",1,1,1
"4820",1,1,1
"4821",1,1,1
"4822",1,1,1
"4823",1,2,2
"4824",1,2,2
"4825",1,2,2
"4826",1,2,2
"4827",1,1,1
"4828",1,2,2
"4829",1,2,2
"4830",1,2,2
"4831",1,2,2
"4832",1,1,1
"4833",1,2,2
"4834",1,1,1
"4835",1,1,1
"4836",1,1,1
"4837",1,2,2
"4838",1,2,2
"4839",1,1,1
"4840",1,1,1
"4841",1,2,2
"4842",1,1,1
"4843",1,2,2
"4844",1,2,2
"4845",1,1,1
"4846",1,1,1
"4847",1,1,1
"4848",1,2,2
"4849",1,2,2
"4850",1,2,2
"4851",1,2,2
"4852",1,2,1
"4853",1,2,2
"4854",1,1,2
"4855",1,1,1
"4856",1,2,2
"4857",1,2,2
"4858",1,1,1
"4859",1,2,2
"4860",1,2,2
"4861",1,2,2
"4862",1,2,2
"4863",1,1,1
"4864",1,1,1
"4865",1,1,1
"4866",1,1,1
"4867",1,2,2
"4868",1,2,2
"4869",1,2,2
"4870",1,2,2
"4871",1,2,2
"4872",1,2,2
"4873",1,2,2
"4874",1,1,1
"4875",1,2,2
"4876",1,2,2
"4877",1,2,2
"4878",1,1,1
"4879",1,1,1
"4880",1,2,2
"4881",1,2,2
"4882",1,1,2
"4883",1,2,2
"4884",1,2,2
"4885",1,2,2
"4886",1,1,1
"4887",1,2,2
"4888",1,2,2
"4889",1,2,2
"4890",1,2,2
"4891",1,2,2
"4892",1,1,1
"4893",1,2,2
"4894",1,1,1
"4895",1,1,1
"4896",1,2,2
"4897",1,2,2
"4898",1,1,1
"4899",1,2,2
"4900",1,2,2
"4901",1,1,1
"4902",1,2,2
"4903",1,2,2
"4904",1,1,1
"4905",1,1,1
"4906",1,2,2
"4907",1,2,2
"4908",1,1,1
"4909",1,2,2
"4910",1,2,2
"4911",1,2,2
"4912",1,1,1
"4913",1,1,2
"4914",1,2,2
"4915",1,1,1
"4916",1,2,2
"4917",1,2,2
"4918",1,1,1
"4919",1,2,2
"4920",1,2,2
"4921",1,2,2
"4922",1,2,2
"4923",1,2,2
"4924",1,1,1
"4925",1,1,1
"4926",1,2,2
"4927",1,1,1
"4928",1,2,2
"4929",1,2,2
"4930",1,2,2
"4931",1,1,1
"4932",1,2,2
"4933",1,1,1
"4934",1,1,1
"4935",1,2,2
"4936",1,2,2
"4937",1,2,2
"4938",1,2,2
"4939",1,2,2
"4940",1,1,1
"4941",1,2,2
"4942",1,1,1
"4943",1,1,2
"4944",1,2,2
"4945",1,2,2
"4946",1,2,2
"4947",1,1,1
"4948",1,1,1
"4949",1,2,2
"4950",1,2,2
"4951",1,2,2
"4952",1,2,2
"4953",1,2,2
"4954",1,2,2
"4955",1,2,2
"4956",1,1,1
"4957",1,2,2
"4958",1,2,2
"4959",1,1,1
"4960",1,1,1
"4961",1,1,1
"4962",1,1,1
"4963",1,1,1
"4964",1,2,2
"4965",1,2,2
"4966",1,2,2
"4967",1,2,2
"4968",1,2,2
"4969",1,2,2
"4970",1,2,2
"4971",1,2,2
"4972",1,2,2
"4973",1,1,1
"4974",1,1,1
"4975",1,2,2
"4976",1,2,2
"4977",1,2,2
"4978",1,2,2
"4979",1,2,2
"4980",1,1,1
"4981",1,2,2
"4982",1,1,1
"4983",1,2,2
"4984",1,2,2
"4985",1,2,2
"4986",1,2,2
"4987",1,2,2
"4988",1,2,2
"4989",1,2,2
"4990",1,2,2
"4991",1,2,2
"4992",1,2,2
"4993",1,2,2
"4994",1,2,2
"4995",1,1,1
"4996",1,1,1
"4997",1,2,2
"4998",1,1,1
"4999",1,1,1
"5000",1,1,1
